timestamp,temperature_c,humidity_pct,pressure_hpa
2025-01-01 00:00:00,23.61,44.06,1012.82
2025-01-01 01:00:00,22.41,45.71,1013.12
2025-01-01 02:00:00,22.26,52.34,1012.81
2025-01-01 03:00:00,21.55,53.73,1013.31
2025-01-01 04:00:00,19.82,56.09,1013.14
2025-01-01 05:00:00,19.43,59.31,1013.35
2025-01-01 06:00:00,19.45,63.72,1013.82
2025-01-01 07:00:00,19.0,56.58,1013.77
2025-01-01 08:00:00,19.0,58.67,1013.88
2025-01-01 09:00:00,18.81,58.55,1013.38
2025-01-01 10:00:00,19.72,57.13,1014.37
2025-01-01 11:00:00,20.16,55.13,1013.7
2025-01-01 12:00:00,20.53,54.46,1014.47
2025-01-01 13:00:00,21.63,50.39,1014.42
2025-01-01 14:00:00,22.17,50.6,1014.39
2025-01-01 15:00:00,22.49,47.5,1014.12
2025-01-01 16:00:00,23.64,45.86,1014.45
2025-01-01 17:00:00,23.8,43.84,1014.37
2025-01-01 18:00:00,24.92,42.42,1014.57
2025-01-01 19:00:00,24.89,39.66,1014.57
2025-01-01 20:00:00,24.95,43.81,1014.19
2025-01-01 21:00:00,24.67,40.76,1015.05
2025-01-01 22:00:00,25.04,37.98,1014.81
2025-01-01 23:00:00,24.08,41.12,1014.77
2025-01-02 00:00:00,23.37,41.86,1014.81
2025-01-02 01:00:00,22.67,47.43,1015.1
2025-01-02 02:00:00,22.2,49.77,1014.84
2025-01-02 03:00:00,21.37,51.74,1014.55
2025-01-02 04:00:00,20.66,58.61,1015.27
2025-01-02 05:00:00,20.05,58.05,1015.34
2025-01-02 06:00:00,20.17,59.96,1015.2
2025-01-02 07:00:00,18.98,57.97,1015.0
2025-01-02 08:00:00,18.84,58.19,1015.35
2025-01-02 09:00:00,18.84,59.71,1014.99
2025-01-02 10:00:00,19.64,58.96,1015.13
2025-01-02 11:00:00,20.3,53.72,1015.23
2025-01-02 12:00:00,20.49,54.66,1015.65
2025-01-02 13:00:00,20.96,52.6,1015.37
2025-01-02 14:00:00,21.74,49.6,1015.36
2025-01-02 15:00:00,23.03,45.93,1015.97
2025-01-02 16:00:00,23.79,44.01,1015.58
2025-01-02 17:00:00,24.34,42.6,1015.58
2025-01-02 18:00:00,24.39,41.49,1015.41
2025-01-02 19:00:00,25.01,41.41,1015.35
2025-01-02 20:00:00,25.07,41.93,1014.95
2025-01-02 21:00:00,25.01,39.8,1015.73
2025-01-02 22:00:00,24.94,40.5,1015.58
2025-01-02 23:00:00,24.23,43.7,1015.41
2025-01-03 00:00:00,23.77,46.08,1015.4
2025-01-03 01:00:00,22.83,46.61,1015.6
2025-01-03 02:00:00,22.14,51.41,1015.0
2025-01-03 03:00:00,21.48,54.33,1015.21
2025-01-03 04:00:00,20.03,57.31,1015.04
2025-01-03 05:00:00,19.8,60.25,1015.73
2025-01-03 06:00:00,19.27,57.08,1015.47
2025-01-03 07:00:00,18.92,59.67,1014.66
2025-01-03 08:00:00,18.94,60.0,1014.79
2025-01-03 09:00:00,19.67,59.46,1015.08
2025-01-03 10:00:00,19.14,57.47,1014.95
2025-01-03 11:00:00,20.26,54.38,1014.68
2025-01-03 12:00:00,19.95,55.15,1015.44
2025-01-03 13:00:00,21.15,51.18,1014.97
2025-01-03 14:00:00,22.1,50.13,1014.95
2025-01-03 15:00:00,23.03,45.96,1014.59
2025-01-03 16:00:00,23.79,43.0,1014.88
2025-01-03 17:00:00,24.44,43.33,1014.54
2025-01-03 18:00:00,24.52,41.59,1014.49
2025-01-03 19:00:00,24.78,41.36,1014.64
2025-01-03 20:00:00,25.35,43.91,1014.0
2025-01-03 21:00:00,24.88,40.82,1014.73
2025-01-03 22:00:00,24.2,42.19,1014.3
2025-01-03 23:00:00,23.77,40.96,1014.49
2025-01-04 00:00:00,23.23,42.66,1013.82
2025-01-04 01:00:00,23.0,50.24,1013.77
2025-01-04 02:00:00,22.1,48.31,1013.62
2025-01-04 03:00:00,21.52,50.68,1013.89
2025-01-04 04:00:00,20.4,54.9,1013.75
2025-01-04 05:00:00,19.99,56.88,1013.53
2025-01-04 06:00:00,19.68,57.01,1013.3
2025-01-04 07:00:00,19.05,59.08,1013.15
2025-01-04 08:00:00,19.22,62.19,1013.36
2025-01-04 09:00:00,18.93,58.18,1013.16
2025-01-04 10:00:00,19.33,56.12,1013.02
2025-01-04 11:00:00,19.8,58.74,1013.48
2025-01-04 12:00:00,20.14,55.86,1012.98
2025-01-04 13:00:00,21.45,51.44,1013.22
2025-01-04 14:00:00,21.9,47.12,1012.68
2025-01-04 15:00:00,22.84,46.04,1012.78
2025-01-04 16:00:00,23.73,44.87,1012.61
2025-01-04 17:00:00,24.34,45.0,1012.11
2025-01-04 18:00:00,24.89,39.44,1012.8
2025-01-04 19:00:00,24.93,40.16,1012.32
2025-01-04 20:00:00,24.92,41.18,1012.45
2025-01-04 21:00:00,24.93,36.02,1011.99
2025-01-04 22:00:00,24.07,43.17,1012.05
2025-01-04 23:00:00,23.68,40.77,1011.78
2025-01-05 00:00:00,23.1,45.56,1012.22
2025-01-05 01:00:00,22.49,47.82,1011.91
2025-01-05 02:00:00,22.21,51.92,1011.84
2025-01-05 03:00:00,20.98,53.55,1012.01
2025-01-05 04:00:00,20.44,50.69,1011.88
2025-01-05 05:00:00,20.4,55.62,1011.71
2025-01-05 06:00:00,19.35,58.87,1011.09
2025-01-05 07:00:00,19.43,59.27,1011.2
2025-01-05 08:00:00,18.75,60.82,1011.05
2025-01-05 09:00:00,19.1,61.04,1011.41
2025-01-05 10:00:00,19.14,59.72,1011.21
2025-01-05 11:00:00,19.83,56.65,1010.76
2025-01-05 12:00:00,20.87,51.64,1011.0
2025-01-05 13:00:00,20.69,51.73,1010.61
2025-01-05 14:00:00,22.23,50.71,1010.92
2025-01-05 15:00:00,22.94,45.41,1010.47
2025-01-05 16:00:00,23.37,46.1,1010.97
2025-01-05 17:00:00,23.69,44.52,1010.88
2025-01-05 18:00:00,24.7,41.53,1011.22
2025-01-05 19:00:00,24.79,34.79,1010.92
2025-01-05 20:00:00,25.16,37.66,1010.57
2025-01-05 21:00:00,24.99,43.7,1010.84
2025-01-05 22:00:00,25.24,40.31,1010.26
2025-01-05 23:00:00,24.12,39.32,1010.34
2025-01-06 00:00:00,23.23,47.18,1010.65
2025-01-06 01:00:00,22.92,47.39,1010.0
2025-01-06 02:00:00,22.16,51.95,1010.52
2025-01-06 03:00:00,21.78,53.04,1010.26
2025-01-06 04:00:00,20.88,55.78,1010.53
2025-01-06 05:00:00,20.09,57.68,1010.23
2025-01-06 06:00:00,20.0,59.87,1010.61
2025-01-06 07:00:00,18.77,63.71,1010.51
2025-01-06 08:00:00,18.87,61.7,1010.86
2025-01-06 09:00:00,18.87,56.77,1010.52
2025-01-06 10:00:00,19.36,59.42,1010.34
2025-01-06 11:00:00,19.49,59.08,1010.48
2025-01-06 12:00:00,20.81,57.12,1010.23
2025-01-06 13:00:00,21.24,51.77,1010.69
2025-01-06 14:00:00,21.58,52.05,1010.76
2025-01-06 15:00:00,22.51,49.03,1011.26
2025-01-06 16:00:00,23.7,49.58,1010.52
2025-01-06 17:00:00,24.51,41.53,1010.64
2025-01-06 18:00:00,25.39,40.38,1010.6
2025-01-06 19:00:00,26.01,39.74,1010.84
2025-01-06 20:00:00,25.24,39.07,1010.93
2025-01-06 21:00:00,24.65,38.69,1010.87
2025-01-06 22:00:00,23.95,36.32,1011.21
2025-01-06 23:00:00,24.31,42.1,1010.83
2025-01-07 00:00:00,23.32,45.61,1011.29
2025-01-07 01:00:00,22.73,46.47,1011.24
2025-01-07 02:00:00,21.89,53.43,1011.16
2025-01-07 03:00:00,21.28,52.56,1011.15
2025-01-07 04:00:00,20.98,57.27,1011.91
2025-01-07 05:00:00,20.04,57.49,1011.17
2025-01-07 06:00:00,19.45,60.1,1011.52
2025-01-07 07:00:00,18.84,60.11,1011.33
2025-01-07 08:00:00,18.52,62.41,1012.04
2025-01-07 09:00:00,19.04,59.71,1011.89
2025-01-07 10:00:00,19.49,59.5,1011.58
2025-01-07 11:00:00,20.61,57.68,1011.96
2025-01-07 12:00:00,20.65,54.43,1011.98
2025-01-07 13:00:00,21.68,53.26,1011.87
2025-01-07 14:00:00,21.94,53.97,1012.28
2025-01-07 15:00:00,22.47,46.87,1012.27
2025-01-07 16:00:00,23.27,45.7,1012.32
2025-01-07 17:00:00,23.98,45.14,1012.34
2025-01-07 18:00:00,25.46,43.34,1012.55
2025-01-07 19:00:00,24.72,40.31,1012.59
2025-01-07 20:00:00,25.41,35.65,1012.64
2025-01-07 21:00:00,24.7,41.21,1012.56
2025-01-07 22:00:00,25.04,37.29,1013.24
2025-01-07 23:00:00,24.37,45.52,1012.64
2025-01-08 00:00:00,23.56,45.25,1013.11
2025-01-08 01:00:00,22.88,49.15,1013.01
2025-01-08 02:00:00,21.89,48.32,1013.63
2025-01-08 03:00:00,21.5,49.73,1013.05
2025-01-08 04:00:00,20.46,55.41,1013.19
2025-01-08 05:00:00,19.57,56.95,1013.22
2025-01-08 06:00:00,19.08,57.72,1013.64
2025-01-08 07:00:00,19.28,59.75,1013.3
2025-01-08 08:00:00,19.67,64.92,1013.62
2025-01-08 09:00:00,19.28,61.1,1013.29
2025-01-08 10:00:00,19.48,60.49,1013.97
2025-01-08 11:00:00,20.1,58.53,1013.87
2025-01-08 12:00:00,21.08,57.6,1013.71
2025-01-08 13:00:00,21.43,52.18,1014.44
2025-01-08 14:00:00,21.98,46.24,1013.92
2025-01-08 15:00:00,23.29,47.01,1014.53
2025-01-08 16:00:00,23.78,46.4,1014.23
2025-01-08 17:00:00,24.79,41.12,1014.88
2025-01-08 18:00:00,24.79,40.96,1014.75
2025-01-08 19:00:00,24.6,39.03,1014.38
2025-01-08 20:00:00,24.65,42.64,1014.47
2025-01-08 21:00:00,25.61,41.62,1014.92
2025-01-08 22:00:00,25.33,42.45,1014.77
2025-01-08 23:00:00,24.19,43.98,1014.85
2025-01-09 00:00:00,23.5,44.87,1015.27
2025-01-09 01:00:00,23.42,47.7,1014.82
2025-01-09 02:00:00,21.75,47.8,1015.09
2025-01-09 03:00:00,21.05,48.58,1015.36
2025-01-09 04:00:00,20.86,55.2,1015.37
2025-01-09 05:00:00,19.88,57.59,1015.17
2025-01-09 06:00:00,19.54,60.77,1015.18
2025-01-09 07:00:00,19.18,62.42,1014.86
2025-01-09 08:00:00,19.26,62.76,1015.06
2025-01-09 09:00:00,19.73,57.79,1015.44
2025-01-09 10:00:00,19.57,57.96,1015.35
2025-01-09 11:00:00,20.25,57.87,1015.43
2025-01-09 12:00:00,19.92,59.49,1015.7
2025-01-09 13:00:00,21.35,55.18,1015.16
2025-01-09 14:00:00,21.85,51.94,1015.41
2025-01-09 15:00:00,22.49,46.64,1015.53
2025-01-09 16:00:00,23.34,43.34,1015.32
2025-01-09 17:00:00,24.15,44.28,1015.86
2025-01-09 18:00:00,25.06,39.29,1015.73
2025-01-09 19:00:00,24.58,39.84,1015.57
2025-01-09 20:00:00,25.16,39.72,1015.94
2025-01-09 21:00:00,24.88,43.13,1015.11
2025-01-09 22:00:00,24.63,40.63,1015.47
2025-01-09 23:00:00,24.62,38.46,1015.55
2025-01-10 00:00:00,23.84,45.83,1015.21
2025-01-10 01:00:00,23.4,46.08,1015.49
2025-01-10 02:00:00,22.1,50.0,1015.11
2025-01-10 03:00:00,21.13,52.36,1015.53
2025-01-10 04:00:00,20.57,54.43,1015.59
2025-01-10 05:00:00,20.12,58.42,1015.36
2025-01-10 06:00:00,19.62,55.82,1014.79
2025-01-10 07:00:00,18.88,58.65,1014.97
2025-01-10 08:00:00,19.19,61.15,1015.31
2025-01-10 09:00:00,19.34,58.48,1015.12
2025-01-10 10:00:00,20.44,55.69,1014.39
2025-01-10 11:00:00,20.69,58.2,1015.32
2025-01-10 12:00:00,20.36,56.94,1014.99
2025-01-10 13:00:00,21.28,52.43,1014.69
2025-01-10 14:00:00,21.65,46.39,1015.08
2025-01-10 15:00:00,22.73,48.6,1014.6
2025-01-10 16:00:00,23.77,41.93,1014.53
2025-01-10 17:00:00,24.71,43.4,1014.72
2025-01-10 18:00:00,24.51,39.66,1015.0
2025-01-10 19:00:00,24.83,38.17,1014.89
2025-01-10 20:00:00,24.41,39.12,1014.5
2025-01-10 21:00:00,25.01,39.93,1014.45
2025-01-10 22:00:00,24.39,40.1,1014.45
2025-01-10 23:00:00,24.1,43.91,1013.85
2025-01-11 00:00:00,23.36,44.11,1014.25
2025-01-11 01:00:00,22.91,49.09,1013.82
2025-01-11 02:00:00,21.55,50.42,1013.99
2025-01-11 03:00:00,20.88,51.25,1013.77
2025-01-11 04:00:00,21.41,53.36,1013.86
2025-01-11 05:00:00,19.6,54.02,1013.68
2025-01-11 06:00:00,19.19,59.1,1012.79
2025-01-11 07:00:00,19.92,58.94,1013.51
2025-01-11 08:00:00,20.19,55.64,1013.53
2025-01-11 09:00:00,18.87,58.61,1013.39
2025-01-11 10:00:00,19.45,56.95,1013.16
2025-01-11 11:00:00,20.17,59.82,1013.5
2025-01-11 12:00:00,21.28,51.85,1013.08
2025-01-11 13:00:00,21.05,49.91,1013.02
2025-01-11 14:00:00,22.09,51.91,1013.07
2025-01-11 15:00:00,23.23,49.77,1012.81
2025-01-11 16:00:00,23.83,43.57,1012.4
2025-01-11 17:00:00,24.17,41.7,1011.93
2025-01-11 18:00:00,24.73,42.36,1012.32
2025-01-11 19:00:00,24.6,36.06,1012.54
2025-01-11 20:00:00,25.1,36.56,1012.17
2025-01-11 21:00:00,24.99,39.74,1012.37
2025-01-11 22:00:00,24.86,44.04,1012.12
2025-01-11 23:00:00,24.11,42.05,1012.32
2025-01-12 00:00:00,23.85,45.09,1011.84
2025-01-12 01:00:00,23.32,49.36,1011.95
2025-01-12 02:00:00,22.24,53.7,1011.88
2025-01-12 03:00:00,21.53,51.46,1012.05
2025-01-12 04:00:00,20.7,54.88,1011.17
2025-01-12 05:00:00,20.07,60.26,1011.4
2025-01-12 06:00:00,19.34,55.83,1011.65
2025-01-12 07:00:00,19.4,61.41,1011.76
2025-01-12 08:00:00,19.15,58.07,1011.36
2025-01-12 09:00:00,20.02,59.75,1011.16
2025-01-12 10:00:00,20.14,58.13,1011.36
2025-01-12 11:00:00,20.2,55.25,1011.32
2025-01-12 12:00:00,20.42,53.13,1010.96
2025-01-12 13:00:00,21.03,52.99,1011.07
2025-01-12 14:00:00,22.61,51.7,1011.23
2025-01-12 15:00:00,23.06,47.08,1011.36
2025-01-12 16:00:00,23.86,45.03,1011.02
2025-01-12 17:00:00,23.71,43.86,1010.8
2025-01-12 18:00:00,25.12,39.49,1010.73
2025-01-12 19:00:00,25.25,41.57,1010.85
2025-01-12 20:00:00,24.81,41.38,1010.64
2025-01-12 21:00:00,24.93,44.93,1010.69
2025-01-12 22:00:00,24.89,40.56,1010.35
2025-01-12 23:00:00,24.34,42.0,1010.91
2025-01-13 00:00:00,23.6,46.28,1010.28
2025-01-13 01:00:00,22.94,48.79,1010.44
2025-01-13 02:00:00,22.11,48.94,1010.55
2025-01-13 03:00:00,21.48,51.76,1011.01
2025-01-13 04:00:00,21.22,55.87,1010.4
2025-01-13 05:00:00,19.18,55.48,1010.34
2025-01-13 06:00:00,19.52,57.82,1010.36
2025-01-13 07:00:00,19.37,59.72,1010.92
2025-01-13 08:00:00,19.31,61.69,1009.8
2025-01-13 09:00:00,19.18,58.47,1010.27
2025-01-13 10:00:00,18.99,55.24,1011.21
2025-01-13 11:00:00,20.2,53.52,1010.69
2025-01-13 12:00:00,21.31,52.63,1010.29
2025-01-13 13:00:00,20.9,50.12,1010.57
2025-01-13 14:00:00,22.51,49.62,1010.63
2025-01-13 15:00:00,22.87,45.17,1010.85
2025-01-13 16:00:00,23.69,43.63,1011.13
2025-01-13 17:00:00,23.96,41.43,1010.81
2025-01-13 18:00:00,24.69,40.44,1010.61
2025-01-13 19:00:00,25.57,42.61,1010.99
2025-01-13 20:00:00,25.42,41.08,1010.66
2025-01-13 21:00:00,25.72,40.26,1010.62
2025-01-13 22:00:00,25.23,40.4,1010.49
2025-01-13 23:00:00,24.49,42.04,1010.6
2025-01-14 00:00:00,24.33,45.48,1010.82
2025-01-14 01:00:00,23.15,48.35,1010.81
2025-01-14 02:00:00,22.51,48.26,1011.25
2025-01-14 03:00:00,21.34,52.54,1010.93
2025-01-14 04:00:00,20.74,51.23,1010.51
2025-01-14 05:00:00,19.85,57.34,1011.11
2025-01-14 06:00:00,19.97,59.92,1011.32
2025-01-14 07:00:00,18.91,59.04,1011.36
2025-01-14 08:00:00,19.5,63.16,1011.97
2025-01-14 09:00:00,19.26,57.96,1011.52
2025-01-14 10:00:00,20.04,58.94,1011.97
2025-01-14 11:00:00,20.37,56.89,1011.83
2025-01-14 12:00:00,21.36,54.71,1011.9
2025-01-14 13:00:00,21.71,52.27,1011.79
2025-01-14 14:00:00,21.68,50.08,1012.07
2025-01-14 15:00:00,22.98,48.82,1011.98
2025-01-14 16:00:00,23.32,47.37,1012.31
2025-01-14 17:00:00,24.17,42.81,1012.29
2025-01-14 18:00:00,25.36,42.69,1012.21
2025-01-14 19:00:00,25.35,38.96,1012.78
2025-01-14 20:00:00,24.99,41.26,1012.73
2025-01-14 21:00:00,24.77,38.85,1012.61
2025-01-14 22:00:00,24.84,43.19,1012.85
2025-01-14 23:00:00,23.93,46.79,1012.89
2025-01-15 00:00:00,23.5,44.66,1012.78
2025-01-15 01:00:00,23.12,43.35,1013.11
2025-01-15 02:00:00,22.64,48.9,1013.03
2025-01-15 03:00:00,21.67,54.69,1013.04
2025-01-15 04:00:00,19.93,55.88,1012.97
2025-01-15 05:00:00,20.22,57.4,1013.38
2025-01-15 06:00:00,19.66,60.36,1013.7
2025-01-15 07:00:00,19.49,60.41,1013.47
2025-01-15 08:00:00,19.8,62.07,1014.37
2025-01-15 09:00:00,18.62,61.19,1014.05
2025-01-15 10:00:00,19.44,61.28,1014.24
2025-01-15 11:00:00,20.33,57.6,1014.2
2025-01-15 12:00:00,20.19,56.51,1014.55
2025-01-15 13:00:00,21.98,51.91,1013.97
2025-01-15 14:00:00,22.37,48.8,1013.61
2025-01-15 15:00:00,23.32,50.36,1014.22
2025-01-15 16:00:00,23.54,45.27,1014.55
2025-01-15 17:00:00,24.65,44.26,1014.52
2025-01-15 18:00:00,25.22,41.44,1014.63
2025-01-15 19:00:00,25.23,39.16,1014.96
2025-01-15 20:00:00,25.33,39.9,1014.8
2025-01-15 21:00:00,25.24,42.8,1014.97
2025-01-15 22:00:00,24.54,42.21,1014.6
2025-01-15 23:00:00,24.32,39.72,1014.62
2025-01-16 00:00:00,23.7,44.49,1015.36
2025-01-16 01:00:00,23.16,50.49,1015.04
2025-01-16 02:00:00,22.6,49.49,1014.91
2025-01-16 03:00:00,21.11,49.22,1014.96
2025-01-16 04:00:00,20.71,58.28,1015.0
2025-01-16 05:00:00,20.65,58.17,1015.03
2025-01-16 06:00:00,19.4,58.41,1014.93
2025-01-16 07:00:00,19.07,58.86,1014.92
2025-01-16 08:00:00,19.33,61.82,1015.28
2025-01-16 09:00:00,19.65,58.56,1015.21
2025-01-16 10:00:00,19.66,60.6,1015.67
2025-01-16 11:00:00,20.6,57.92,1015.49
2025-01-16 12:00:00,21.06,55.31,1015.5
2025-01-16 13:00:00,21.78,52.72,1015.27
2025-01-16 14:00:00,22.45,49.56,1015.44
2025-01-16 15:00:00,23.85,49.16,1015.57
2025-01-16 16:00:00,23.69,43.31,1015.67
2025-01-16 17:00:00,23.68,39.88,1015.47
2025-01-16 18:00:00,25.42,42.31,1015.77
2025-01-16 19:00:00,25.0,41.35,1015.5
2025-01-16 20:00:00,25.3,40.73,1015.69
2025-01-16 21:00:00,25.62,40.94,1015.36
2025-01-16 22:00:00,24.3,40.63,1015.02
2025-01-16 23:00:00,23.95,44.21,1015.52
2025-01-17 00:00:00,23.21,44.78,1015.62
2025-01-17 01:00:00,22.77,46.4,1015.56
2025-01-17 02:00:00,22.42,49.3,1015.49
2025-01-17 03:00:00,21.68,56.09,1015.27
2025-01-17 04:00:00,20.87,51.74,1015.13
2025-01-17 05:00:00,19.65,57.84,1015.43
2025-01-17 06:00:00,18.86,55.5,1015.36
2025-01-17 07:00:00,19.39,59.33,1015.07
2025-01-17 08:00:00,19.11,59.08,1015.44
2025-01-17 09:00:00,19.54,55.77,1014.9
2025-01-17 10:00:00,19.92,59.22,1014.92
2025-01-17 11:00:00,20.2,56.25,1015.42
2025-01-17 12:00:00,21.04,51.08,1015.17
2025-01-17 13:00:00,21.58,53.96,1014.81
2025-01-17 14:00:00,22.46,52.44,1014.9
2025-01-17 15:00:00,22.81,49.96,1014.81
2025-01-17 16:00:00,23.72,45.51,1014.01
2025-01-17 17:00:00,24.47,42.87,1014.4
2025-01-17 18:00:00,25.16,43.59,1014.55
2025-01-17 19:00:00,25.04,43.23,1014.4
2025-01-17 20:00:00,25.46,41.9,1014.47
2025-01-17 21:00:00,25.09,38.51,1014.61
2025-01-17 22:00:00,24.84,41.56,1014.17
2025-01-17 23:00:00,24.69,43.58,1013.9
2025-01-18 00:00:00,23.09,41.6,1014.17
2025-01-18 01:00:00,22.61,48.11,1013.92
2025-01-18 02:00:00,21.77,53.95,1013.87
2025-01-18 03:00:00,20.69,53.6,1013.75
2025-01-18 04:00:00,20.55,57.51,1014.3
2025-01-18 05:00:00,20.43,57.26,1013.09
2025-01-18 06:00:00,19.59,58.38,1013.46
2025-01-18 07:00:00,19.46,60.2,1013.46
2025-01-18 08:00:00,19.67,58.39,1013.18
2025-01-18 09:00:00,19.86,57.78,1013.5
2025-01-18 10:00:00,19.67,60.79,1013.39
2025-01-18 11:00:00,20.64,59.4,1013.08
2025-01-18 12:00:00,20.82,53.07,1012.93
2025-01-18 13:00:00,21.22,54.18,1012.88
2025-01-18 14:00:00,22.09,49.7,1012.79
2025-01-18 15:00:00,22.55,47.88,1012.7
2025-01-18 16:00:00,23.48,45.68,1012.58
2025-01-18 17:00:00,24.29,44.57,1012.6
2025-01-18 18:00:00,25.18,41.34,1012.63
2025-01-18 19:00:00,25.8,42.73,1012.05
2025-01-18 20:00:00,24.81,40.41,1012.0
2025-01-18 21:00:00,25.33,41.32,1011.74
2025-01-18 22:00:00,24.53,39.69,1012.3
2025-01-18 23:00:00,24.59,46.66,1012.06
2025-01-19 00:00:00,23.75,45.7,1012.04
2025-01-19 01:00:00,22.44,48.54,1011.47
2025-01-19 02:00:00,22.63,46.95,1012.2
2025-01-19 03:00:00,21.31,50.96,1011.52
2025-01-19 04:00:00,20.62,57.08,1011.63
2025-01-19 05:00:00,19.81,57.44,1011.73
2025-01-19 06:00:00,19.48,55.06,1011.19
2025-01-19 07:00:00,19.56,61.38,1011.23
2025-01-19 08:00:00,19.24,58.87,1011.34
2025-01-19 09:00:00,19.52,62.05,1011.95
2025-01-19 10:00:00,19.84,58.35,1011.24
2025-01-19 11:00:00,20.65,57.29,1011.51
2025-01-19 12:00:00,20.69,56.97,1011.35
2025-01-19 13:00:00,21.02,50.82,1011.08
2025-01-19 14:00:00,22.68,48.06,1010.69
2025-01-19 15:00:00,22.97,46.9,1011.15
2025-01-19 16:00:00,24.2,46.33,1010.46
2025-01-19 17:00:00,24.57,40.38,1011.19
2025-01-19 18:00:00,24.86,38.18,1010.8
2025-01-19 19:00:00,25.33,41.67,1010.05
2025-01-19 20:00:00,26.0,38.76,1010.59
2025-01-19 21:00:00,25.94,39.48,1010.8
2025-01-19 22:00:00,24.94,37.84,1010.55
2025-01-19 23:00:00,24.49,41.55,1010.76
2025-01-20 00:00:00,24.19,44.83,1010.35
2025-01-20 01:00:00,22.8,48.93,1010.22
2025-01-20 02:00:00,22.43,48.45,1010.51
2025-01-20 03:00:00,21.53,55.41,1010.52
2025-01-20 04:00:00,20.93,53.61,1010.42
2025-01-20 05:00:00,19.91,55.68,1010.81
2025-01-20 06:00:00,19.17,61.27,1010.29
2025-01-20 07:00:00,18.7,59.88,1010.58
2025-01-20 08:00:00,18.93,58.85,1010.52
2025-01-20 09:00:00,19.26,59.22,1010.13
2025-01-20 10:00:00,19.62,60.93,1010.2
2025-01-20 11:00:00,20.88,59.55,1010.55
2025-01-20 12:00:00,21.21,53.37,1011.06
2025-01-20 13:00:00,21.21,52.35,1010.73
2025-01-20 14:00:00,22.45,50.0,1010.18
2025-01-20 15:00:00,22.96,45.47,1009.86
2025-01-20 16:00:00,23.73,44.74,1010.86
2025-01-20 17:00:00,24.51,42.77,1010.68
2025-01-20 18:00:00,25.14,43.23,1011.03
2025-01-20 19:00:00,25.11,42.35,1010.57
2025-01-20 20:00:00,25.7,39.24,1010.92
2025-01-20 21:00:00,24.83,39.79,1011.09
2025-01-20 22:00:00,24.93,42.37,1010.82
2025-01-20 23:00:00,25.36,41.71,1010.88
2025-01-21 00:00:00,23.91,45.89,1011.05
2025-01-21 01:00:00,23.61,47.09,1011.24
2025-01-21 02:00:00,22.37,48.09,1011.16
2025-01-21 03:00:00,21.76,50.7,1011.48
2025-01-21 04:00:00,20.82,57.44,1011.18
2025-01-21 05:00:00,20.16,56.62,1011.04
2025-01-21 06:00:00,19.47,61.44,1011.94
2025-01-21 07:00:00,19.59,58.57,1011.36
2025-01-21 08:00:00,19.04,60.35,1011.45
2025-01-21 09:00:00,19.67,63.8,1011.65
2025-01-21 10:00:00,20.12,56.59,1011.77
2025-01-21 11:00:00,20.35,53.48,1011.74
2025-01-21 12:00:00,20.74,57.14,1011.91
2025-01-21 13:00:00,21.72,50.93,1011.99
2025-01-21 14:00:00,22.24,49.79,1012.13
2025-01-21 15:00:00,23.45,46.19,1011.58
2025-01-21 16:00:00,23.2,45.31,1012.73
2025-01-21 17:00:00,24.35,41.05,1012.32
2025-01-21 18:00:00,24.25,40.84,1012.59
2025-01-21 19:00:00,24.72,40.98,1012.19
2025-01-21 20:00:00,25.82,38.01,1012.51
2025-01-21 21:00:00,25.56,38.91,1012.55
2025-01-21 22:00:00,24.7,40.54,1013.18
2025-01-21 23:00:00,23.94,40.18,1012.76
2025-01-22 00:00:00,22.81,44.06,1013.19
2025-01-22 01:00:00,22.94,47.45,1012.93
2025-01-22 02:00:00,23.2,49.11,1013.07
2025-01-22 03:00:00,21.73,51.92,1013.22
2025-01-22 04:00:00,20.66,54.79,1013.69
2025-01-22 05:00:00,20.4,55.71,1012.99
2025-01-22 06:00:00,19.21,59.73,1013.23
2025-01-22 07:00:00,19.35,62.07,1013.16
2025-01-22 08:00:00,19.39,58.99,1013.47
2025-01-22 09:00:00,19.43,60.35,1013.62
2025-01-22 10:00:00,20.04,58.05,1013.51
2025-01-22 11:00:00,20.36,57.55,1013.82
2025-01-22 12:00:00,21.09,57.64,1013.58
2025-01-22 13:00:00,21.34,53.32,1013.91
2025-01-22 14:00:00,22.67,46.63,1014.55
2025-01-22 15:00:00,23.71,48.05,1014.43
2025-01-22 16:00:00,23.52,47.04,1014.46
2025-01-22 17:00:00,24.17,42.35,1014.23
2025-01-22 18:00:00,25.43,42.95,1014.17
2025-01-22 19:00:00,25.19,38.92,1014.35
2025-01-22 20:00:00,25.86,37.14,1014.69
2025-01-22 21:00:00,25.11,40.41,1014.98
2025-01-22 22:00:00,25.47,38.0,1015.06
2025-01-22 23:00:00,24.53,42.31,1015.05
2025-01-23 00:00:00,23.96,47.13,1014.77
2025-01-23 01:00:00,23.69,43.79,1015.02
2025-01-23 02:00:00,22.24,47.51,1014.99
2025-01-23 03:00:00,21.26,50.55,1015.07
2025-01-23 04:00:00,20.71,54.7,1015.67
2025-01-23 05:00:00,20.41,56.23,1014.77
2025-01-23 06:00:00,19.22,60.99,1015.19
2025-01-23 07:00:00,19.7,61.19,1015.59
2025-01-23 08:00:00,19.18,60.71,1014.96
2025-01-23 09:00:00,19.88,59.73,1015.2
2025-01-23 10:00:00,18.94,59.18,1015.26
2025-01-23 11:00:00,19.98,55.33,1015.36
2025-01-23 12:00:00,20.28,56.36,1015.04
2025-01-23 13:00:00,21.31,50.4,1015.61
2025-01-23 14:00:00,22.46,51.32,1015.64
2025-01-23 15:00:00,23.09,49.36,1015.61
2025-01-23 16:00:00,23.79,45.19,1015.28
2025-01-23 17:00:00,24.44,42.42,1015.52
2025-01-23 18:00:00,25.05,41.87,1015.28
2025-01-23 19:00:00,24.92,35.0,1015.42
2025-01-23 20:00:00,25.63,40.35,1016.03
2025-01-23 21:00:00,25.51,39.95,1015.51
2025-01-23 22:00:00,25.11,41.06,1015.18
2025-01-23 23:00:00,24.7,44.01,1015.5
2025-01-24 00:00:00,23.99,44.67,1015.1
2025-01-24 01:00:00,23.87,45.17,1015.12
2025-01-24 02:00:00,22.35,49.55,1015.13
2025-01-24 03:00:00,21.5,52.52,1015.25
2025-01-24 04:00:00,20.62,55.01,1015.56
2025-01-24 05:00:00,19.9,57.17,1015.44
2025-01-24 06:00:00,19.35,60.34,1015.38
2025-01-24 07:00:00,19.18,57.51,1014.94
2025-01-24 08:00:00,19.36,60.12,1015.03
2025-01-24 09:00:00,19.61,61.79,1015.18
2025-01-24 10:00:00,19.81,55.34,1014.91
2025-01-24 11:00:00,20.0,57.2,1014.94
2025-01-24 12:00:00,21.21,53.75,1015.06
2025-01-24 13:00:00,21.87,51.72,1014.81
2025-01-24 14:00:00,22.34,48.17,1014.89
2025-01-24 15:00:00,22.94,46.91,1015.17
2025-01-24 16:00:00,24.09,48.12,1014.66
2025-01-24 17:00:00,24.58,40.46,1014.93
2025-01-24 18:00:00,24.49,39.04,1014.7
2025-01-24 19:00:00,25.27,37.8,1014.12
2025-01-24 20:00:00,25.49,42.91,1014.13
2025-01-24 21:00:00,24.98,39.31,1014.12
2025-01-24 22:00:00,25.06,41.09,1014.04
2025-01-24 23:00:00,24.01,42.0,1014.15
2025-01-25 00:00:00,24.37,43.1,1014.24
2025-01-25 01:00:00,23.61,46.79,1014.31
2025-01-25 02:00:00,22.31,54.22,1013.99
2025-01-25 03:00:00,21.75,54.89,1013.71
2025-01-25 04:00:00,20.06,53.26,1013.22
2025-01-25 05:00:00,19.88,58.03,1013.66
2025-01-25 06:00:00,19.7,56.96,1013.56
2025-01-25 07:00:00,19.13,56.26,1013.51
2025-01-25 08:00:00,19.66,61.63,1013.9
2025-01-25 09:00:00,20.21,61.54,1013.59
2025-01-25 10:00:00,19.4,60.34,1013.38
2025-01-25 11:00:00,19.99,56.02,1012.85
2025-01-25 12:00:00,20.99,54.5,1012.87
2025-01-25 13:00:00,22.2,53.73,1012.88
2025-01-25 14:00:00,21.98,50.5,1012.62
2025-01-25 15:00:00,23.27,46.5,1012.85
2025-01-25 16:00:00,24.55,41.88,1012.72
2025-01-25 17:00:00,23.96,42.93,1012.26
2025-01-25 18:00:00,24.56,43.08,1012.74
2025-01-25 19:00:00,25.16,37.98,1012.38
2025-01-25 20:00:00,25.23,40.94,1011.83
2025-01-25 21:00:00,25.6,40.73,1012.16
2025-01-25 22:00:00,25.1,42.48,1012.16
2025-01-25 23:00:00,23.92,44.29,1012.24
2025-01-26 00:00:00,24.1,43.54,1011.83
2025-01-26 01:00:00,22.99,44.29,1012.04
2025-01-26 02:00:00,22.86,48.83,1011.8
2025-01-26 03:00:00,21.42,53.98,1011.34
2025-01-26 04:00:00,20.7,53.81,1011.24
2025-01-26 05:00:00,20.49,55.61,1011.8
2025-01-26 06:00:00,20.09,55.17,1011.74
2025-01-26 07:00:00,19.68,62.6,1011.45
2025-01-26 08:00:00,18.83,61.28,1011.67
2025-01-26 09:00:00,19.71,60.83,1011.5
2025-01-26 10:00:00,19.46,60.19,1011.34
2025-01-26 11:00:00,20.39,57.9,1010.88
2025-01-26 12:00:00,20.43,54.35,1011.48
2025-01-26 13:00:00,21.81,52.08,1011.12
2025-01-26 14:00:00,22.14,49.02,1010.84
2025-01-26 15:00:00,22.75,51.94,1010.72
2025-01-26 16:00:00,24.18,45.79,1010.9
2025-01-26 17:00:00,24.63,41.88,1010.37
2025-01-26 18:00:00,24.81,41.96,1010.92
2025-01-26 19:00:00,25.84,38.31,1010.47
2025-01-26 20:00:00,25.28,42.49,1010.77
2025-01-26 21:00:00,25.34,38.94,1010.51
2025-01-26 22:00:00,25.12,42.03,1010.54
2025-01-26 23:00:00,24.34,44.63,1010.4
2025-01-27 00:00:00,24.1,45.48,1010.52
2025-01-27 01:00:00,23.02,47.36,1011.02
2025-01-27 02:00:00,22.29,49.8,1010.87
2025-01-27 03:00:00,22.14,52.27,1010.6
2025-01-27 04:00:00,20.57,53.74,1010.5
2025-01-27 05:00:00,19.47,56.04,1010.71
2025-01-27 06:00:00,20.4,61.1,1010.78
2025-01-27 07:00:00,20.43,59.24,1010.29
2025-01-27 08:00:00,19.3,58.37,1010.49
2025-01-27 09:00:00,18.86,58.51,1010.06
2025-01-27 10:00:00,19.73,60.42,1010.81
2025-01-27 11:00:00,20.22,58.07,1011.06
2025-01-27 12:00:00,20.88,55.79,1010.58
2025-01-27 13:00:00,21.28,51.9,1010.05
2025-01-27 14:00:00,22.65,50.81,1010.76
2025-01-27 15:00:00,23.4,46.03,1010.41
2025-01-27 16:00:00,23.42,44.31,1010.51
2025-01-27 17:00:00,24.81,44.45,1010.87
2025-01-27 18:00:00,25.76,42.69,1010.81
2025-01-27 19:00:00,25.4,38.35,1010.67
2025-01-27 20:00:00,25.33,38.24,1010.67
2025-01-27 21:00:00,25.3,40.31,1010.91
2025-01-27 22:00:00,25.26,44.22,1010.83
2025-01-27 23:00:00,23.97,39.26,1010.71
2025-01-28 00:00:00,24.01,45.28,1010.96
2025-01-28 01:00:00,23.09,44.71,1011.19
2025-01-28 02:00:00,23.1,48.63,1011.12
2025-01-28 03:00:00,21.61,51.71,1010.88
2025-01-28 04:00:00,21.54,54.02,1011.55
2025-01-28 05:00:00,19.95,55.88,1010.68
2025-01-28 06:00:00,20.06,58.45,1011.33
2025-01-28 07:00:00,19.67,58.47,1011.36
2025-01-28 08:00:00,19.15,57.14,1011.63
2025-01-28 09:00:00,19.62,60.83,1011.81
2025-01-28 10:00:00,20.28,59.79,1012.03
2025-01-28 11:00:00,20.22,58.36,1011.65
2025-01-28 12:00:00,20.37,52.0,1012.06
2025-01-28 13:00:00,21.68,52.9,1012.05
2025-01-28 14:00:00,22.14,50.99,1011.66
2025-01-28 15:00:00,23.12,45.33,1012.65
2025-01-28 16:00:00,23.93,44.79,1011.9
2025-01-28 17:00:00,23.99,42.49,1012.46
2025-01-28 18:00:00,24.5,44.42,1012.54
2025-01-28 19:00:00,25.53,43.57,1012.6
2025-01-28 20:00:00,25.28,36.77,1012.5
2025-01-28 21:00:00,24.46,44.6,1012.93
2025-01-28 22:00:00,25.34,39.46,1012.42
2025-01-28 23:00:00,24.68,44.46,1012.89
2025-01-29 00:00:00,23.72,46.51,1012.86
2025-01-29 01:00:00,22.78,45.39,1012.92
2025-01-29 02:00:00,22.76,50.65,1013.29
2025-01-29 03:00:00,21.81,52.16,1013.55
2025-01-29 04:00:00,21.8,55.76,1013.29
2025-01-29 05:00:00,20.5,57.25,1013.66
2025-01-29 06:00:00,20.01,60.58,1013.57
2025-01-29 07:00:00,19.52,59.56,1013.42
2025-01-29 08:00:00,19.76,59.46,1013.67
2025-01-29 09:00:00,19.79,61.4,1013.75
2025-01-29 10:00:00,20.31,59.47,1013.74
2025-01-29 11:00:00,20.17,58.15,1014.11
2025-01-29 12:00:00,20.82,53.57,1014.14
2025-01-29 13:00:00,21.53,50.47,1013.77
2025-01-29 14:00:00,22.75,48.74,1013.84
2025-01-29 15:00:00,23.78,46.06,1014.44
2025-01-29 16:00:00,23.82,46.18,1014.2
2025-01-29 17:00:00,24.45,44.45,1014.56
2025-01-29 18:00:00,25.19,40.82,1014.75
2025-01-29 19:00:00,25.29,42.68,1014.31
2025-01-29 20:00:00,25.81,42.22,1014.35
2025-01-29 21:00:00,24.59,40.54,1015.19
2025-01-29 22:00:00,24.79,39.62,1014.92
2025-01-29 23:00:00,24.33,45.52,1014.79
2025-01-30 00:00:00,23.17,44.65,1014.72
2025-01-30 01:00:00,22.92,47.4,1014.88
2025-01-30 02:00:00,22.16,49.15,1014.77
2025-01-30 03:00:00,21.64,50.74,1015.34
2025-01-30 04:00:00,21.38,52.11,1014.97
2025-01-30 05:00:00,20.28,57.97,1015.48
2025-01-30 06:00:00,19.53,57.01,1015.15
2025-01-30 07:00:00,19.57,64.92,1015.03
2025-01-30 08:00:00,19.86,57.8,1015.22
2025-01-30 09:00:00,19.25,57.15,1014.7
2025-01-30 10:00:00,19.57,59.33,1015.36
2025-01-30 11:00:00,20.57,59.58,1015.37
2025-01-30 12:00:00,20.91,54.87,1015.64
2025-01-30 13:00:00,21.94,53.37,1014.98
2025-01-30 14:00:00,22.49,46.43,1015.76
2025-01-30 15:00:00,23.52,45.95,1015.69
2025-01-30 16:00:00,23.63,42.82,1015.81
2025-01-30 17:00:00,24.61,39.27,1015.49
2025-01-30 18:00:00,25.02,41.3,1015.75
2025-01-30 19:00:00,24.97,36.06,1015.13
2025-01-30 20:00:00,24.95,37.37,1015.67
2025-01-30 21:00:00,25.64,39.12,1015.29
2025-01-30 22:00:00,24.97,39.59,1015.06
2025-01-30 23:00:00,24.26,43.39,1015.18
2025-01-31 00:00:00,23.97,45.3,1015.44
2025-01-31 01:00:00,23.67,48.77,1015.21
2025-01-31 02:00:00,21.7,51.1,1015.48
2025-01-31 03:00:00,21.2,54.39,1014.91
2025-01-31 04:00:00,20.68,54.75,1014.8
2025-01-31 05:00:00,20.89,57.37,1015.63
2025-01-31 06:00:00,20.01,59.33,1015.48
2025-01-31 07:00:00,19.88,59.66,1014.95
2025-01-31 08:00:00,19.11,59.03,1015.16
2025-01-31 09:00:00,19.22,58.81,1015.37
2025-01-31 10:00:00,20.07,56.94,1015.17
2025-01-31 11:00:00,20.41,57.58,1015.05
2025-01-31 12:00:00,21.2,54.58,1015.23
2025-01-31 13:00:00,21.67,51.14,1014.71
2025-01-31 14:00:00,22.61,48.55,1014.84
2025-01-31 15:00:00,23.34,44.98,1014.76
2025-01-31 16:00:00,24.28,46.51,1014.63
2025-01-31 17:00:00,24.92,42.81,1014.53
2025-01-31 18:00:00,24.54,39.53,1014.58
2025-01-31 19:00:00,24.62,41.54,1014.49
2025-01-31 20:00:00,25.86,38.73,1014.15
2025-01-31 21:00:00,25.83,37.55,1014.53
2025-01-31 22:00:00,24.76,42.92,1014.01
2025-01-31 23:00:00,23.99,41.7,1014.11
2025-02-01 00:00:00,24.05,44.01,1014.01
2025-02-01 01:00:00,23.62,47.23,1014.09
2025-02-01 02:00:00,23.15,51.8,1013.38
2025-02-01 03:00:00,21.92,52.36,1014.05
2025-02-01 04:00:00,20.89,52.58,1013.57
2025-02-01 05:00:00,20.09,57.79,1013.95
2025-02-01 06:00:00,19.93,57.53,1013.44
2025-02-01 07:00:00,19.52,62.8,1013.45
2025-02-01 08:00:00,19.17,59.74,1013.85
2025-02-01 09:00:00,20.34,55.37,1013.21
2025-02-01 10:00:00,20.55,59.04,1013.5
2025-02-01 11:00:00,20.8,60.31,1013.1
2025-02-01 12:00:00,20.7,57.57,1013.1
2025-02-01 13:00:00,22.05,55.62,1012.92
2025-02-01 14:00:00,22.75,47.9,1013.03
2025-02-01 15:00:00,23.46,48.79,1012.55
2025-02-01 16:00:00,24.47,43.44,1012.38
2025-02-01 17:00:00,24.87,43.07,1012.38
2025-02-01 18:00:00,25.39,38.78,1012.47
2025-02-01 19:00:00,25.65,38.92,1012.3
2025-02-01 20:00:00,25.65,38.52,1012.44
2025-02-01 21:00:00,24.81,41.69,1012.5
2025-02-01 22:00:00,25.16,42.51,1011.84
2025-02-01 23:00:00,24.46,43.16,1011.82
2025-02-02 00:00:00,23.59,42.3,1011.56
2025-02-02 01:00:00,23.9,46.58,1012.34
2025-02-02 02:00:00,23.14,48.39,1011.83
2025-02-02 03:00:00,22.23,53.89,1011.79
2025-02-02 04:00:00,21.13,56.85,1011.26
2025-02-02 05:00:00,20.89,58.7,1011.52
2025-02-02 06:00:00,19.94,57.03,1011.57
2025-02-02 07:00:00,19.71,54.46,1011.31
2025-02-02 08:00:00,19.16,56.55,1011.57
2025-02-02 09:00:00,19.78,61.95,1011.81
2025-02-02 10:00:00,19.96,57.67,1010.93
2025-02-02 11:00:00,19.96,55.45,1010.85
2025-02-02 12:00:00,21.02,57.69,1010.83
2025-02-02 13:00:00,21.74,54.59,1011.39
2025-02-02 14:00:00,23.17,49.77,1011.19
2025-02-02 15:00:00,23.63,46.61,1010.85
2025-02-02 16:00:00,24.05,44.49,1010.84
2025-02-02 17:00:00,24.75,43.07,1010.59
2025-02-02 18:00:00,25.16,43.95,1010.97
2025-02-02 19:00:00,25.37,40.83,1010.61
2025-02-02 20:00:00,25.17,41.03,1010.61
2025-02-02 21:00:00,25.39,42.17,1010.79
2025-02-02 22:00:00,24.89,38.96,1010.56
2025-02-02 23:00:00,24.23,44.01,1010.53
2025-02-03 00:00:00,24.23,44.19,1010.57
2025-02-03 01:00:00,23.46,42.61,1010.74
2025-02-03 02:00:00,21.93,45.89,1010.94
2025-02-03 03:00:00,21.73,50.48,1010.66
2025-02-03 04:00:00,21.4,55.68,1010.71
2025-02-03 05:00:00,20.8,57.0,1010.45
2025-02-03 06:00:00,20.32,58.71,1010.32
2025-02-03 07:00:00,19.67,62.89,1010.67
2025-02-03 08:00:00,19.26,57.44,1010.55
2025-02-03 09:00:00,19.28,59.33,1010.16
2025-02-03 10:00:00,20.08,58.93,1010.45
2025-02-03 11:00:00,20.57,55.47,1010.52
2025-02-03 12:00:00,21.51,54.77,1010.44
2025-02-03 13:00:00,22.17,49.43,1010.96
2025-02-03 14:00:00,22.51,52.26,1010.73
2025-02-03 15:00:00,22.9,45.9,1010.98
2025-02-03 16:00:00,23.95,48.38,1010.74
2025-02-03 17:00:00,24.76,42.59,1010.73
2025-02-03 18:00:00,25.09,42.91,1010.51
2025-02-03 19:00:00,25.26,39.96,1010.79
2025-02-03 20:00:00,25.65,39.66,1010.84
2025-02-03 21:00:00,25.29,39.01,1010.54
2025-02-03 22:00:00,24.94,41.27,1010.8
2025-02-03 23:00:00,24.8,43.22,1010.91
2025-02-04 00:00:00,23.93,43.3,1011.15
2025-02-04 01:00:00,23.43,46.9,1011.22
2025-02-04 02:00:00,22.66,48.62,1011.02
2025-02-04 03:00:00,21.39,56.44,1011.35
2025-02-04 04:00:00,20.9,54.55,1011.25
2025-02-04 05:00:00,20.95,59.57,1010.65
2025-02-04 06:00:00,19.57,58.02,1011.32
2025-02-04 07:00:00,18.93,59.84,1011.79
2025-02-04 08:00:00,18.92,57.34,1011.17
2025-02-04 09:00:00,19.69,58.57,1011.7
2025-02-04 10:00:00,19.99,58.75,1012.15
2025-02-04 11:00:00,20.41,59.64,1011.64
2025-02-04 12:00:00,21.5,55.11,1011.92
2025-02-04 13:00:00,20.86,54.79,1011.67
2025-02-04 14:00:00,22.72,50.86,1012.49
2025-02-04 15:00:00,23.9,50.05,1012.15
2025-02-04 16:00:00,23.68,44.6,1012.27
2025-02-04 17:00:00,24.57,46.94,1012.69
2025-02-04 18:00:00,24.91,40.18,1012.61
2025-02-04 19:00:00,25.16,38.67,1012.32
2025-02-04 20:00:00,25.47,37.53,1012.47
2025-02-04 21:00:00,25.98,44.25,1012.84
2025-02-04 22:00:00,25.82,42.52,1012.66
2025-02-04 23:00:00,24.59,42.04,1012.38
2025-02-05 00:00:00,24.75,46.96,1012.99
2025-02-05 01:00:00,23.37,48.36,1012.72
2025-02-05 02:00:00,23.2,53.25,1013.59
2025-02-05 03:00:00,21.78,49.51,1013.32
2025-02-05 04:00:00,21.13,54.23,1013.15
2025-02-05 05:00:00,20.59,55.94,1013.29
2025-02-05 06:00:00,21.1,54.81,1013.08
2025-02-05 07:00:00,19.99,61.27,1013.37
2025-02-05 08:00:00,19.34,59.22,1013.99
2025-02-05 09:00:00,20.03,60.7,1014.38
2025-02-05 10:00:00,19.87,62.61,1014.09
2025-02-05 11:00:00,20.3,56.14,1013.98
2025-02-05 12:00:00,21.41,53.95,1013.98
2025-02-05 13:00:00,21.83,52.51,1013.93
2025-02-05 14:00:00,22.69,51.48,1014.76
2025-02-05 15:00:00,23.38,46.09,1014.28
2025-02-05 16:00:00,24.21,43.57,1014.94
2025-02-05 17:00:00,24.87,44.53,1014.83
2025-02-05 18:00:00,24.52,41.72,1014.12
2025-02-05 19:00:00,25.73,36.36,1014.46
2025-02-05 20:00:00,25.25,37.5,1014.53
2025-02-05 21:00:00,24.99,42.74,1014.75
2025-02-05 22:00:00,25.18,41.76,1014.82
2025-02-05 23:00:00,24.75,41.26,1015.64
2025-02-06 00:00:00,23.86,44.39,1014.69
2025-02-06 01:00:00,23.67,47.14,1015.07
2025-02-06 02:00:00,22.13,51.02,1015.22
2025-02-06 03:00:00,21.68,49.84,1015.12
2025-02-06 04:00:00,20.9,53.18,1015.19
2025-02-06 05:00:00,20.47,57.26,1014.95
2025-02-06 06:00:00,20.1,58.18,1015.28
2025-02-06 07:00:00,19.35,60.39,1015.42
2025-02-06 08:00:00,19.86,57.48,1015.41
2025-02-06 09:00:00,19.73,60.0,1015.5
2025-02-06 10:00:00,19.35,60.32,1015.74
2025-02-06 11:00:00,19.8,57.64,1015.65
2025-02-06 12:00:00,21.1,54.95,1015.46
2025-02-06 13:00:00,21.76,52.11,1015.16
2025-02-06 14:00:00,22.57,48.19,1015.32
2025-02-06 15:00:00,23.38,46.98,1015.43
2025-02-06 16:00:00,24.19,46.96,1015.56
2025-02-06 17:00:00,25.07,42.41,1015.38
2025-02-06 18:00:00,24.82,39.43,1015.27
2025-02-06 19:00:00,25.1,39.15,1015.2
2025-02-06 20:00:00,25.23,40.05,1015.08
2025-02-06 21:00:00,25.61,39.36,1015.43
2025-02-06 22:00:00,25.65,41.91,1015.1
2025-02-06 23:00:00,24.59,43.56,1015.21
2025-02-07 00:00:00,23.24,46.29,1015.34
2025-02-07 01:00:00,22.8,49.67,1015.08
2025-02-07 02:00:00,22.33,51.48,1015.48
2025-02-07 03:00:00,21.65,50.6,1015.54
2025-02-07 04:00:00,20.98,53.06,1015.19
2025-02-07 05:00:00,20.51,56.62,1015.18
2025-02-07 06:00:00,19.91,57.54,1015.39
2025-02-07 07:00:00,20.09,57.3,1015.03
2025-02-07 08:00:00,19.39,58.89,1014.97
2025-02-07 09:00:00,19.42,58.49,1015.42
2025-02-07 10:00:00,20.19,57.14,1015.29
2025-02-07 11:00:00,19.97,56.19,1015.16
2025-02-07 12:00:00,21.26,56.81,1015.19
2025-02-07 13:00:00,21.89,52.63,1014.4
2025-02-07 14:00:00,22.58,54.14,1015.17
2025-02-07 15:00:00,23.96,47.41,1014.87
2025-02-07 16:00:00,23.91,44.16,1014.95
2025-02-07 17:00:00,25.47,42.62,1014.73
2025-02-07 18:00:00,25.15,41.49,1014.57
2025-02-07 19:00:00,25.08,40.81,1014.42
2025-02-07 20:00:00,25.66,43.42,1014.5
2025-02-07 21:00:00,25.15,38.5,1014.25
2025-02-07 22:00:00,24.97,42.57,1014.47
2025-02-07 23:00:00,24.89,42.99,1013.77
2025-02-08 00:00:00,24.33,41.86,1013.95
2025-02-08 01:00:00,23.19,48.48,1014.51
2025-02-08 02:00:00,22.98,51.96,1013.76
2025-02-08 03:00:00,22.26,50.73,1013.77
2025-02-08 04:00:00,21.64,54.67,1013.52
2025-02-08 05:00:00,20.7,53.65,1013.73
2025-02-08 06:00:00,20.52,56.08,1013.37
2025-02-08 07:00:00,19.08,61.23,1013.42
2025-02-08 08:00:00,19.53,58.84,1013.58
2025-02-08 09:00:00,19.44,57.34,1013.11
2025-02-08 10:00:00,20.08,58.75,1013.38
2025-02-08 11:00:00,20.32,55.81,1013.3
2025-02-08 12:00:00,21.08,53.83,1013.26
2025-02-08 13:00:00,22.52,53.6,1012.94
2025-02-08 14:00:00,22.58,47.59,1013.62
2025-02-08 15:00:00,23.57,45.46,1012.98
2025-02-08 16:00:00,24.06,44.95,1012.71
2025-02-08 17:00:00,24.79,44.35,1012.32
2025-02-08 18:00:00,25.25,43.25,1012.42
2025-02-08 19:00:00,25.7,38.82,1012.71
2025-02-08 20:00:00,26.06,41.36,1012.69
2025-02-08 21:00:00,26.12,38.61,1012.54
2025-02-08 22:00:00,25.36,44.3,1012.28
2025-02-08 23:00:00,24.98,40.56,1011.69
2025-02-09 00:00:00,23.75,47.07,1012.04
2025-02-09 01:00:00,23.4,45.9,1011.52
2025-02-09 02:00:00,22.98,53.3,1011.38
2025-02-09 03:00:00,22.18,53.33,1011.73
2025-02-09 04:00:00,21.23,52.84,1011.72
2025-02-09 05:00:00,20.84,55.8,1011.74
2025-02-09 06:00:00,20.23,59.74,1011.57
2025-02-09 07:00:00,20.18,61.23,1011.5
2025-02-09 08:00:00,19.76,59.54,1011.05
2025-02-09 09:00:00,19.63,59.41,1011.21
2025-02-09 10:00:00,20.18,59.7,1010.79
2025-02-09 11:00:00,19.51,56.98,1010.6
2025-02-09 12:00:00,21.29,52.34,1011.23
2025-02-09 13:00:00,20.61,50.8,1010.8
2025-02-09 14:00:00,22.06,50.09,1011.15
2025-02-09 15:00:00,23.6,49.27,1011.16
2025-02-09 16:00:00,24.33,47.58,1010.68
2025-02-09 17:00:00,24.38,44.0,1010.94
2025-02-09 18:00:00,25.01,41.53,1010.58
2025-02-09 19:00:00,26.04,41.36,1010.25
2025-02-09 20:00:00,25.49,38.47,1010.7
2025-02-09 21:00:00,26.35,39.73,1010.52
2025-02-09 22:00:00,25.26,39.52,1010.5
2025-02-09 23:00:00,24.93,40.35,1011.08
2025-02-10 00:00:00,24.73,45.27,1010.18
2025-02-10 01:00:00,23.49,47.41,1010.64
2025-02-10 02:00:00,22.32,50.9,1010.28
2025-02-10 03:00:00,21.85,53.24,1010.74
2025-02-10 04:00:00,21.16,55.1,1010.58
2025-02-10 05:00:00,20.07,57.74,1010.6
2025-02-10 06:00:00,19.98,58.25,1010.26
2025-02-10 07:00:00,19.51,60.07,1010.31
2025-02-10 08:00:00,20.0,58.36,1010.74
2025-02-10 09:00:00,19.79,59.99,1010.96
2025-02-10 10:00:00,19.98,59.53,1010.65
2025-02-10 11:00:00,20.52,55.53,1010.32
2025-02-10 12:00:00,21.25,54.76,1010.65
2025-02-10 13:00:00,22.12,51.13,1011.19
2025-02-10 14:00:00,22.33,48.71,1010.64
2025-02-10 15:00:00,23.09,45.05,1011.01
2025-02-10 16:00:00,24.56,46.94,1010.49
2025-02-10 17:00:00,24.66,44.51,1010.7
2025-02-10 18:00:00,24.78,41.97,1010.9
2025-02-10 19:00:00,25.73,43.55,1010.89
2025-02-10 20:00:00,25.84,39.32,1010.64
2025-02-10 21:00:00,25.04,45.46,1010.68
2025-02-10 22:00:00,25.36,40.59,1011.18
2025-02-10 23:00:00,25.06,43.05,1011.29
2025-02-11 00:00:00,24.31,43.94,1011.42
2025-02-11 01:00:00,23.68,47.74,1011.56
2025-02-11 02:00:00,22.19,51.16,1011.2
2025-02-11 03:00:00,22.03,52.04,1011.15
2025-02-11 04:00:00,21.08,57.85,1011.64
2025-02-11 05:00:00,20.4,57.16,1011.55
2025-02-11 06:00:00,20.39,58.8,1011.2
2025-02-11 07:00:00,20.31,57.68,1011.26
2025-02-11 08:00:00,20.32,60.41,1011.71
2025-02-11 09:00:00,20.25,59.07,1011.63
2025-02-11 10:00:00,20.05,57.22,1011.74
2025-02-11 11:00:00,20.69,55.33,1012.1
2025-02-11 12:00:00,21.46,59.46,1012.11
2025-02-11 13:00:00,21.96,51.77,1012.33
2025-02-11 14:00:00,22.74,47.03,1011.6
2025-02-11 15:00:00,23.76,45.81,1012.24
2025-02-11 16:00:00,24.17,44.56,1012.44
2025-02-11 17:00:00,24.56,43.57,1011.97
2025-02-11 18:00:00,25.15,41.99,1012.28
2025-02-11 19:00:00,25.82,41.21,1012.33
2025-02-11 20:00:00,25.7,38.49,1012.63
2025-02-11 21:00:00,25.72,40.6,1013.13
2025-02-11 22:00:00,25.53,39.41,1013.32
2025-02-11 23:00:00,24.69,41.46,1012.7
2025-02-12 00:00:00,24.47,43.0,1013.13
2025-02-12 01:00:00,23.61,44.92,1013.23
2025-02-12 02:00:00,22.27,51.56,1013.28
2025-02-12 03:00:00,22.43,53.48,1013.38
2025-02-12 04:00:00,21.03,56.41,1013.45
2025-02-12 05:00:00,20.0,56.79,1013.89
2025-02-12 06:00:00,19.74,59.71,1013.83
2025-02-12 07:00:00,19.45,56.14,1013.38
2025-02-12 08:00:00,19.72,61.2,1013.94
2025-02-12 09:00:00,19.71,59.62,1014.05
2025-02-12 10:00:00,19.99,59.44,1013.99
2025-02-12 11:00:00,20.8,57.4,1014.28
2025-02-12 12:00:00,21.33,52.87,1014.13
2025-02-12 13:00:00,22.04,49.54,1014.22
2025-02-12 14:00:00,22.85,48.36,1014.28
2025-02-12 15:00:00,23.7,48.07,1013.83
2025-02-12 16:00:00,23.47,45.89,1014.39
2025-02-12 17:00:00,24.71,40.11,1014.32
2025-02-12 18:00:00,24.55,39.22,1014.26
2025-02-12 19:00:00,25.62,38.68,1014.99
2025-02-12 20:00:00,25.71,39.0,1014.83
2025-02-12 21:00:00,25.98,37.53,1014.76
2025-02-12 22:00:00,25.73,38.42,1014.69
2025-02-12 23:00:00,24.91,41.09,1014.97
2025-02-13 00:00:00,24.04,44.8,1015.2
2025-02-13 01:00:00,23.66,44.93,1014.8
2025-02-13 02:00:00,22.53,49.43,1015.06
2025-02-13 03:00:00,21.94,54.13,1015.33
2025-02-13 04:00:00,21.56,52.3,1014.68
2025-02-13 05:00:00,20.4,56.34,1015.2
2025-02-13 06:00:00,20.41,60.14,1015.15
2025-02-13 07:00:00,20.06,58.55,1015.26
2025-02-13 08:00:00,19.39,58.61,1015.2
2025-02-13 09:00:00,20.17,61.39,1015.39
2025-02-13 10:00:00,20.37,57.75,1015.87
2025-02-13 11:00:00,20.64,58.7,1015.33
2025-02-13 12:00:00,20.96,55.41,1015.51
2025-02-13 13:00:00,21.65,51.61,1015.96
2025-02-13 14:00:00,22.54,50.5,1015.33
2025-02-13 15:00:00,23.69,47.62,1015.94
2025-02-13 16:00:00,23.89,46.47,1015.49
2025-02-13 17:00:00,25.0,41.58,1015.94
2025-02-13 18:00:00,24.89,41.05,1015.69
2025-02-13 19:00:00,25.56,39.86,1015.58
2025-02-13 20:00:00,25.77,40.9,1015.48
2025-02-13 21:00:00,26.49,38.13,1015.33
2025-02-13 22:00:00,24.85,42.8,1015.49
2025-02-13 23:00:00,25.37,43.4,1015.68
2025-02-14 00:00:00,24.29,42.26,1015.43
2025-02-14 01:00:00,23.65,49.22,1015.34
2025-02-14 02:00:00,22.78,53.65,1015.33
2025-02-14 03:00:00,22.11,54.02,1015.61
2025-02-14 04:00:00,21.18,57.2,1015.63
2025-02-14 05:00:00,21.12,56.86,1015.12
2025-02-14 06:00:00,19.98,55.3,1015.09
2025-02-14 07:00:00,20.24,55.97,1015.31
2025-02-14 08:00:00,19.51,60.09,1015.55
2025-02-14 09:00:00,19.82,58.22,1015.4
2025-02-14 10:00:00,19.77,56.64,1014.75
2025-02-14 11:00:00,20.78,56.59,1014.95
2025-02-14 12:00:00,21.75,55.74,1014.72
2025-02-14 13:00:00,21.94,49.6,1014.83
2025-02-14 14:00:00,22.67,48.82,1015.23
2025-02-14 15:00:00,23.13,49.76,1014.41
2025-02-14 16:00:00,24.16,42.69,1014.3
2025-02-14 17:00:00,24.31,44.12,1014.42
2025-02-14 18:00:00,25.02,40.09,1014.63
2025-02-14 19:00:00,25.72,40.95,1014.64
2025-02-14 20:00:00,26.21,41.6,1014.52
2025-02-14 21:00:00,26.63,41.3,1014.62
2025-02-14 22:00:00,25.14,42.6,1013.81
2025-02-14 23:00:00,25.37,40.48,1014.47
2025-02-15 00:00:00,24.34,46.63,1014.01
2025-02-15 01:00:00,23.47,45.5,1014.18
2025-02-15 02:00:00,22.9,50.09,1013.58
2025-02-15 03:00:00,22.0,52.68,1013.83
2025-02-15 04:00:00,21.29,55.5,1013.8
2025-02-15 05:00:00,20.49,57.3,1013.94
2025-02-15 06:00:00,19.67,56.76,1013.16
2025-02-15 07:00:00,19.32,56.85,1013.47
2025-02-15 08:00:00,19.98,61.19,1013.1
2025-02-15 09:00:00,19.76,59.62,1013.41
2025-02-15 10:00:00,19.95,60.35,1013.38
2025-02-15 11:00:00,20.64,56.61,1013.42
2025-02-15 12:00:00,21.54,52.09,1012.87
2025-02-15 13:00:00,22.05,53.95,1013.14
2025-02-15 14:00:00,22.53,48.95,1013.15
2025-02-15 15:00:00,23.97,47.65,1012.31
2025-02-15 16:00:00,24.81,43.45,1012.78
2025-02-15 17:00:00,25.06,45.51,1012.77
2025-02-15 18:00:00,25.7,39.38,1012.38
2025-02-15 19:00:00,26.1,39.35,1012.05
2025-02-15 20:00:00,26.16,39.81,1012.5
2025-02-15 21:00:00,25.88,37.99,1011.87
2025-02-15 22:00:00,25.57,41.55,1012.04
2025-02-15 23:00:00,25.07,45.45,1011.99
2025-02-16 00:00:00,23.88,43.73,1012.09
2025-02-16 01:00:00,23.79,47.74,1011.68
2025-02-16 02:00:00,22.29,44.67,1011.58
2025-02-16 03:00:00,21.71,52.13,1011.69
2025-02-16 04:00:00,21.73,54.05,1011.84
2025-02-16 05:00:00,20.94,55.21,1012.09
2025-02-16 06:00:00,20.69,60.22,1011.06
2025-02-16 07:00:00,19.78,58.69,1011.45
2025-02-16 08:00:00,19.37,59.29,1011.03
2025-02-16 09:00:00,19.79,58.59,1011.49
2025-02-16 10:00:00,20.21,54.82,1010.93
2025-02-16 11:00:00,20.68,54.65,1010.94
2025-02-16 12:00:00,21.67,56.34,1010.9
2025-02-16 13:00:00,21.87,48.4,1010.97
2025-02-16 14:00:00,22.9,48.23,1011.02
2025-02-16 15:00:00,23.21,46.3,1011.0
2025-02-16 16:00:00,24.44,47.75,1010.83
2025-02-16 17:00:00,24.9,43.92,1010.46
2025-02-16 18:00:00,25.12,39.95,1010.93
2025-02-16 19:00:00,25.6,42.3,1010.7
2025-02-16 20:00:00,25.72,38.28,1010.96
2025-02-16 21:00:00,25.58,41.77,1010.46
2025-02-16 22:00:00,26.0,38.5,1010.21
2025-02-16 23:00:00,24.87,44.47,1010.58
2025-02-17 00:00:00,24.2,43.88,1010.89
2025-02-17 01:00:00,22.83,45.17,1010.58
2025-02-17 02:00:00,22.47,49.22,1010.48
2025-02-17 03:00:00,21.92,52.69,1010.3
2025-02-17 04:00:00,21.05,53.72,1010.95
2025-02-17 05:00:00,21.15,57.67,1010.24
2025-02-17 06:00:00,20.13,57.22,1010.32
2025-02-17 07:00:00,20.34,60.38,1010.64
2025-02-17 08:00:00,19.81,60.4,1010.04
2025-02-17 09:00:00,19.91,59.15,1010.83
2025-02-17 10:00:00,20.16,57.47,1010.68
2025-02-17 11:00:00,20.67,56.95,1010.77
2025-02-17 12:00:00,21.89,55.59,1010.7
2025-02-17 13:00:00,21.2,55.9,1010.54
2025-02-17 14:00:00,22.09,51.29,1010.35
2025-02-17 15:00:00,23.38,48.77,1010.61
2025-02-17 16:00:00,24.3,50.16,1010.43
2025-02-17 17:00:00,25.16,43.46,1010.83
2025-02-17 18:00:00,25.56,41.81,1010.95
2025-02-17 19:00:00,25.56,41.21,1011.16
2025-02-17 20:00:00,26.15,37.79,1010.93
2025-02-17 21:00:00,26.06,39.14,1011.11
2025-02-17 22:00:00,25.46,40.03,1010.86
2025-02-17 23:00:00,25.26,43.69,1010.87
2025-02-18 00:00:00,24.4,44.29,1011.16
2025-02-18 01:00:00,23.38,47.26,1011.01
2025-02-18 02:00:00,23.05,51.56,1011.23
2025-02-18 03:00:00,22.06,53.74,1010.97
2025-02-18 04:00:00,21.3,54.31,1011.08
2025-02-18 05:00:00,21.2,55.46,1011.53
2025-02-18 06:00:00,19.35,60.3,1011.66
2025-02-18 07:00:00,19.41,60.65,1011.27
2025-02-18 08:00:00,19.39,56.71,1011.76
2025-02-18 09:00:00,19.78,58.69,1011.54
2025-02-18 10:00:00,20.12,58.55,1011.75
2025-02-18 11:00:00,20.16,58.07,1012.19
2025-02-18 12:00:00,20.96,56.23,1012.12
2025-02-18 13:00:00,21.73,52.69,1012.2
2025-02-18 14:00:00,23.67,50.65,1012.56
2025-02-18 15:00:00,24.22,47.12,1012.0
2025-02-18 16:00:00,24.17,43.38,1012.02
2025-02-18 17:00:00,24.81,42.05,1012.17
2025-02-18 18:00:00,25.01,40.97,1012.38
2025-02-18 19:00:00,25.04,39.87,1011.95
2025-02-18 20:00:00,25.77,36.2,1012.58
2025-02-18 21:00:00,25.36,39.22,1012.58
2025-02-18 22:00:00,25.38,41.03,1013.01
2025-02-18 23:00:00,24.38,42.01,1012.99
2025-02-19 00:00:00,24.05,44.15,1012.85
2025-02-19 01:00:00,23.65,47.88,1013.24
2025-02-19 02:00:00,22.95,47.65,1013.37
2025-02-19 03:00:00,22.19,49.25,1013.09
2025-02-19 04:00:00,20.86,53.96,1013.25
2025-02-19 05:00:00,21.0,58.04,1012.91
2025-02-19 06:00:00,19.94,61.29,1013.28
2025-02-19 07:00:00,20.15,60.66,1013.46
2025-02-19 08:00:00,19.82,56.95,1013.76
2025-02-19 09:00:00,19.44,58.83,1013.59
2025-02-19 10:00:00,20.12,58.71,1013.78
2025-02-19 11:00:00,20.83,56.98,1013.69
2025-02-19 12:00:00,21.54,55.56,1014.13
2025-02-19 13:00:00,22.0,50.52,1014.27
2025-02-19 14:00:00,23.36,49.7,1014.35
2025-02-19 15:00:00,23.96,47.75,1014.33
2025-02-19 16:00:00,24.24,46.07,1014.02
2025-02-19 17:00:00,25.21,41.06,1014.33
2025-02-19 18:00:00,26.1,40.3,1014.46
2025-02-19 19:00:00,26.41,35.06,1014.53
2025-02-19 20:00:00,25.4,38.47,1014.72
2025-02-19 21:00:00,25.41,38.98,1015.12
2025-02-19 22:00:00,25.95,39.09,1015.04
2025-02-19 23:00:00,24.58,42.81,1014.65
2025-02-20 00:00:00,23.87,44.48,1015.12
2025-02-20 01:00:00,23.44,42.93,1015.17
2025-02-20 02:00:00,22.98,49.97,1014.86
2025-02-20 03:00:00,22.02,50.5,1015.33
2025-02-20 04:00:00,21.11,55.46,1015.12
2025-02-20 05:00:00,20.48,54.35,1014.86
2025-02-20 06:00:00,19.99,58.3,1015.37
2025-02-20 07:00:00,19.63,58.73,1015.35
2025-02-20 08:00:00,20.64,60.13,1015.27
2025-02-20 09:00:00,20.05,59.46,1015.35
2025-02-20 10:00:00,20.55,57.78,1015.21
2025-02-20 11:00:00,20.55,53.89,1015.57
2025-02-20 12:00:00,21.28,51.92,1015.43
2025-02-20 13:00:00,21.82,51.12,1015.5
2025-02-20 14:00:00,21.92,49.56,1015.56
2025-02-20 15:00:00,23.14,45.89,1015.2
2025-02-20 16:00:00,23.71,45.7,1015.27
2025-02-20 17:00:00,24.18,42.0,1014.95
2025-02-20 18:00:00,25.03,39.18,1015.64
2025-02-20 19:00:00,26.21,39.42,1015.2
2025-02-20 20:00:00,25.83,39.98,1015.53
2025-02-20 21:00:00,26.2,40.5,1015.58
2025-02-20 22:00:00,25.59,44.3,1015.62
2025-02-20 23:00:00,25.24,41.3,1015.16
2025-02-21 00:00:00,24.04,44.44,1015.42
2025-02-21 01:00:00,23.81,47.75,1015.83
2025-02-21 02:00:00,23.11,49.53,1015.82
2025-02-21 03:00:00,21.87,51.26,1015.61
2025-02-21 04:00:00,21.55,51.78,1015.41
2025-02-21 05:00:00,20.93,55.72,1015.04
2025-02-21 06:00:00,20.06,56.3,1015.43
2025-02-21 07:00:00,19.56,56.12,1015.17
2025-02-21 08:00:00,19.44,58.14,1015.31
2025-02-21 09:00:00,19.99,57.35,1014.96
2025-02-21 10:00:00,20.37,59.28,1015.02
2025-02-21 11:00:00,20.46,57.72,1015.05
2025-02-21 12:00:00,21.37,52.94,1015.02
2025-02-21 13:00:00,22.28,51.69,1015.02
2025-02-21 14:00:00,23.08,46.23,1014.69
2025-02-21 15:00:00,24.18,46.09,1014.43
2025-02-21 16:00:00,24.81,45.29,1015.11
2025-02-21 17:00:00,24.63,43.98,1015.25
2025-02-21 18:00:00,26.05,39.62,1014.67
2025-02-21 19:00:00,25.58,41.8,1014.15
2025-02-21 20:00:00,26.23,36.84,1014.22
2025-02-21 21:00:00,25.79,37.66,1014.46
2025-02-21 22:00:00,25.32,42.18,1014.59
2025-02-21 23:00:00,24.35,45.5,1013.86
2025-02-22 00:00:00,24.31,45.45,1014.05
2025-02-22 01:00:00,23.1,46.91,1014.05
2025-02-22 02:00:00,23.21,45.61,1014.13
2025-02-22 03:00:00,22.62,48.51,1013.74
2025-02-22 04:00:00,21.09,54.8,1013.35
2025-02-22 05:00:00,20.85,55.99,1013.8
2025-02-22 06:00:00,20.02,56.23,1013.84
2025-02-22 07:00:00,19.75,59.34,1013.44
2025-02-22 08:00:00,20.14,59.77,1013.47
2025-02-22 09:00:00,19.96,60.92,1013.16
2025-02-22 10:00:00,20.88,58.47,1012.98
2025-02-22 11:00:00,20.58,58.84,1013.35
2025-02-22 12:00:00,21.73,54.58,1013.1
2025-02-22 13:00:00,22.13,51.94,1013.03
2025-02-22 14:00:00,23.16,51.48,1013.19
2025-02-22 15:00:00,23.5,45.21,1012.46
2025-02-22 16:00:00,24.36,49.63,1012.49
2025-02-22 17:00:00,24.96,43.16,1012.57
2025-02-22 18:00:00,25.19,41.59,1012.3
2025-02-22 19:00:00,26.01,40.85,1012.55
2025-02-22 20:00:00,26.11,42.94,1012.22
2025-02-22 21:00:00,25.99,41.33,1011.93
2025-02-22 22:00:00,26.02,38.01,1012.1
2025-02-22 23:00:00,25.51,45.01,1012.04
2025-02-23 00:00:00,24.25,43.94,1012.15
2025-02-23 01:00:00,23.79,47.16,1011.93
2025-02-23 02:00:00,22.67,47.25,1011.87
2025-02-23 03:00:00,22.12,53.09,1011.75
2025-02-23 04:00:00,21.18,53.38,1011.54
2025-02-23 05:00:00,21.33,56.81,1011.34
2025-02-23 06:00:00,20.42,57.7,1011.51
2025-02-23 07:00:00,19.91,62.68,1011.29
2025-02-23 08:00:00,20.31,63.12,1011.72
2025-02-23 09:00:00,19.23,59.3,1011.57
2025-02-23 10:00:00,19.59,58.33,1011.33
2025-02-23 11:00:00,21.05,55.95,1011.2
2025-02-23 12:00:00,21.41,56.54,1011.02
2025-02-23 13:00:00,22.2,51.55,1010.67
2025-02-23 14:00:00,22.43,48.79,1010.88
2025-02-23 15:00:00,23.66,48.73,1010.91
2025-02-23 16:00:00,25.1,43.58,1010.89
2025-02-23 17:00:00,25.31,42.41,1010.91
2025-02-23 18:00:00,25.55,38.05,1010.98
2025-02-23 19:00:00,25.64,41.16,1010.54
2025-02-23 20:00:00,25.76,43.04,1010.5
2025-02-23 21:00:00,25.05,41.19,1011.0
2025-02-23 22:00:00,25.59,43.52,1010.8
2025-02-23 23:00:00,25.32,40.96,1010.49
2025-02-24 00:00:00,23.85,44.98,1010.54
2025-02-24 01:00:00,23.45,45.26,1010.52
2025-02-24 02:00:00,22.5,49.14,1010.54
2025-02-24 03:00:00,21.79,53.53,1010.63
2025-02-24 04:00:00,21.42,54.73,1011.14
2025-02-24 05:00:00,20.05,54.08,1010.55
2025-02-24 06:00:00,20.52,55.84,1010.67
2025-02-24 07:00:00,20.27,56.72,1010.08
2025-02-24 08:00:00,19.82,60.43,1010.39
2025-02-24 09:00:00,19.14,62.92,1010.82
2025-02-24 10:00:00,19.96,60.66,1010.63
2025-02-24 11:00:00,21.22,53.2,1009.45
2025-02-24 12:00:00,20.44,57.1,1010.73
2025-02-24 13:00:00,22.01,53.82,1011.06
2025-02-24 14:00:00,22.5,46.76,1010.11
2025-02-24 15:00:00,23.97,46.41,1011.02
2025-02-24 16:00:00,24.18,46.52,1009.98
2025-02-24 17:00:00,25.17,43.46,1010.94
2025-02-24 18:00:00,25.71,38.53,1010.75
2025-02-24 19:00:00,26.45,40.98,1010.2
2025-02-24 20:00:00,25.84,35.7,1010.95
2025-02-24 21:00:00,25.94,39.48,1011.17
2025-02-24 22:00:00,24.99,42.93,1011.03
2025-02-24 23:00:00,25.45,42.5,1011.13
2025-02-25 00:00:00,24.15,43.64,1010.94
2025-02-25 01:00:00,23.5,48.55,1010.64
2025-02-25 02:00:00,22.91,51.3,1011.34
2025-02-25 03:00:00,21.6,54.49,1011.67
2025-02-25 04:00:00,21.5,56.11,1011.58
2025-02-25 05:00:00,21.14,58.56,1010.87
2025-02-25 06:00:00,20.43,59.52,1011.06
2025-02-25 07:00:00,19.47,59.68,1011.3
2025-02-25 08:00:00,19.88,59.7,1011.19
2025-02-25 09:00:00,20.29,58.77,1011.68
2025-02-25 10:00:00,19.67,56.02,1011.85
2025-02-25 11:00:00,20.43,54.89,1011.47
2025-02-25 12:00:00,21.73,54.03,1012.11
2025-02-25 13:00:00,22.24,52.56,1012.15
2025-02-25 14:00:00,23.07,52.13,1011.95
2025-02-25 15:00:00,24.35,46.87,1012.13
2025-02-25 16:00:00,24.59,46.34,1011.78
2025-02-25 17:00:00,25.28,44.41,1012.27
2025-02-25 18:00:00,26.48,40.46,1012.45
2025-02-25 19:00:00,25.75,40.95,1012.58
2025-02-25 20:00:00,25.65,39.1,1012.72
2025-02-25 21:00:00,25.98,42.25,1012.78
2025-02-25 22:00:00,25.68,42.02,1012.75
2025-02-25 23:00:00,24.87,40.32,1012.98
2025-02-26 00:00:00,24.07,44.82,1013.25
2025-02-26 01:00:00,24.52,49.91,1013.07
2025-02-26 02:00:00,23.05,49.21,1013.27
2025-02-26 03:00:00,21.9,52.93,1013.23
2025-02-26 04:00:00,21.76,55.51,1013.21
2025-02-26 05:00:00,20.78,54.74,1013.6
2025-02-26 06:00:00,20.25,59.11,1013.42
2025-02-26 07:00:00,20.24,56.68,1013.74
2025-02-26 08:00:00,19.49,58.4,1013.74
2025-02-26 09:00:00,20.17,61.13,1013.75
2025-02-26 10:00:00,21.01,58.83,1013.83
2025-02-26 11:00:00,20.98,56.05,1013.87
2025-02-26 12:00:00,21.31,55.33,1013.67
2025-02-26 13:00:00,21.99,52.01,1014.26
2025-02-26 14:00:00,22.8,49.55,1014.31
2025-02-26 15:00:00,23.63,48.12,1014.54
2025-02-26 16:00:00,24.31,43.22,1014.28
2025-02-26 17:00:00,25.39,42.53,1014.96
2025-02-26 18:00:00,24.94,40.3,1014.46
2025-02-26 19:00:00,26.15,37.01,1014.41
2025-02-26 20:00:00,25.81,37.87,1014.45
2025-02-26 21:00:00,25.98,42.69,1014.33
2025-02-26 22:00:00,25.15,41.56,1015.22
2025-02-26 23:00:00,25.54,40.07,1015.24
2025-02-27 00:00:00,24.89,41.75,1015.1
2025-02-27 01:00:00,24.06,46.73,1014.79
2025-02-27 02:00:00,22.42,52.33,1015.52
2025-02-27 03:00:00,22.47,51.78,1015.03
2025-02-27 04:00:00,21.59,56.88,1015.1
2025-02-27 05:00:00,20.27,57.23,1015.57
2025-02-27 06:00:00,20.35,59.03,1015.42
2025-02-27 07:00:00,20.19,56.78,1015.84
2025-02-27 08:00:00,20.15,61.21,1015.39
2025-02-27 09:00:00,20.12,58.58,1015.26
2025-02-27 10:00:00,20.46,59.74,1015.24
2025-02-27 11:00:00,21.35,55.13,1014.95
2025-02-27 12:00:00,21.89,54.84,1015.37
2025-02-27 13:00:00,21.18,52.74,1015.74
2025-02-27 14:00:00,22.85,49.24,1015.62
2025-02-27 15:00:00,23.68,47.66,1015.49
2025-02-27 16:00:00,23.85,44.04,1015.24
2025-02-27 17:00:00,25.12,41.28,1015.55
2025-02-27 18:00:00,26.0,43.75,1015.75
2025-02-27 19:00:00,25.48,41.75,1015.61
2025-02-27 20:00:00,26.08,38.15,1015.53
2025-02-27 21:00:00,25.54,40.88,1015.29
2025-02-27 22:00:00,25.33,39.52,1015.69
2025-02-27 23:00:00,25.6,40.31,1014.67
2025-02-28 00:00:00,24.28,46.38,1015.53
2025-02-28 01:00:00,23.91,43.86,1016.06
2025-02-28 02:00:00,22.31,51.18,1015.01
2025-02-28 03:00:00,22.84,51.65,1015.3
2025-02-28 04:00:00,21.68,54.13,1015.33
2025-02-28 05:00:00,20.79,57.32,1015.18
2025-02-28 06:00:00,20.57,59.22,1015.51
2025-02-28 07:00:00,19.58,57.69,1015.33
2025-02-28 08:00:00,20.39,60.81,1015.2
2025-02-28 09:00:00,19.96,59.38,1015.32
2025-02-28 10:00:00,20.3,55.91,1015.07
2025-02-28 11:00:00,20.68,56.28,1015.81
2025-02-28 12:00:00,21.27,57.0,1014.99
2025-02-28 13:00:00,22.44,55.12,1014.94
2025-02-28 14:00:00,23.07,50.8,1014.41
2025-02-28 15:00:00,23.98,44.78,1014.63
2025-02-28 16:00:00,24.48,45.39,1014.99
2025-02-28 17:00:00,25.28,43.97,1014.3
2025-02-28 18:00:00,25.43,42.16,1014.02
2025-02-28 19:00:00,26.66,41.26,1014.49
2025-02-28 20:00:00,25.43,40.16,1014.75
2025-02-28 21:00:00,26.32,39.72,1014.34
2025-02-28 22:00:00,26.06,39.75,1014.17
2025-02-28 23:00:00,24.81,39.02,1013.7
2025-03-01 00:00:00,25.26,45.12,1014.2
2025-03-01 01:00:00,24.11,47.25,1014.17
2025-03-01 02:00:00,23.33,50.51,1013.47
2025-03-01 03:00:00,22.22,49.69,1014.11
2025-03-01 04:00:00,21.41,55.67,1013.93
2025-03-01 05:00:00,20.79,60.28,1013.93
2025-03-01 06:00:00,20.53,58.31,1013.7
2025-03-01 07:00:00,20.58,59.05,1013.63
2025-03-01 08:00:00,20.05,60.06,1013.5
2025-03-01 09:00:00,19.77,62.82,1013.5
2025-03-01 10:00:00,20.68,56.32,1012.73
2025-03-01 11:00:00,21.19,56.94,1012.72
2025-03-01 12:00:00,21.72,53.06,1012.82
2025-03-01 13:00:00,22.48,51.11,1012.87
2025-03-01 14:00:00,22.9,49.41,1012.91
2025-03-01 15:00:00,23.45,49.34,1012.8
2025-03-01 16:00:00,24.19,47.74,1012.91
2025-03-01 17:00:00,24.54,43.24,1012.82
2025-03-01 18:00:00,25.68,40.16,1012.23
2025-03-01 19:00:00,25.87,44.33,1012.41
2025-03-01 20:00:00,25.84,38.73,1012.05
2025-03-01 21:00:00,24.86,38.81,1012.13
2025-03-01 22:00:00,25.16,37.65,1012.17
2025-03-01 23:00:00,25.51,44.94,1011.15
2025-03-02 00:00:00,24.27,46.24,1012.52
2025-03-02 01:00:00,23.9,51.26,1011.97
2025-03-02 02:00:00,22.52,47.0,1011.6
2025-03-02 03:00:00,22.73,54.71,1012.15
2025-03-02 04:00:00,21.45,54.62,1011.5
2025-03-02 05:00:00,20.98,58.02,1011.55
2025-03-02 06:00:00,21.22,55.19,1011.32
2025-03-02 07:00:00,20.64,61.8,1011.78
2025-03-02 08:00:00,19.9,60.91,1011.27
2025-03-02 09:00:00,19.9,59.09,1011.27
2025-03-02 10:00:00,20.3,59.32,1011.47
2025-03-02 11:00:00,21.07,55.19,1011.25
2025-03-02 12:00:00,21.47,53.45,1011.03
2025-03-02 13:00:00,22.09,51.25,1011.27
2025-03-02 14:00:00,23.52,46.16,1011.57
2025-03-02 15:00:00,23.75,48.46,1010.96
2025-03-02 16:00:00,25.32,46.64,1010.86
2025-03-02 17:00:00,25.17,41.16,1010.83
2025-03-02 18:00:00,26.24,41.46,1011.08
2025-03-02 19:00:00,26.04,39.36,1010.56
2025-03-02 20:00:00,26.35,40.08,1010.6
2025-03-02 21:00:00,25.66,38.7,1010.26
2025-03-02 22:00:00,25.32,39.24,1010.32
2025-03-02 23:00:00,25.3,44.31,1010.46
2025-03-03 00:00:00,24.86,44.38,1010.55
2025-03-03 01:00:00,23.81,50.54,1010.99
2025-03-03 02:00:00,22.57,49.57,1010.66
2025-03-03 03:00:00,21.77,50.41,1010.29
2025-03-03 04:00:00,21.02,56.7,1010.32
2025-03-03 05:00:00,20.28,57.7,1010.85
2025-03-03 06:00:00,20.46,59.46,1010.78
2025-03-03 07:00:00,20.52,61.29,1010.51
2025-03-03 08:00:00,20.02,58.31,1010.4
2025-03-03 09:00:00,19.33,58.92,1010.8
2025-03-03 10:00:00,20.36,57.84,1010.28
2025-03-03 11:00:00,20.85,54.24,1010.64
2025-03-03 12:00:00,22.26,54.01,1011.13
2025-03-03 13:00:00,21.74,54.48,1010.64
2025-03-03 14:00:00,22.89,49.91,1010.42
2025-03-03 15:00:00,24.4,44.48,1010.74
2025-03-03 16:00:00,24.69,41.69,1010.56
2025-03-03 17:00:00,25.35,45.41,1010.36
2025-03-03 18:00:00,25.67,40.66,1010.92
2025-03-03 19:00:00,26.04,38.66,1011.07
2025-03-03 20:00:00,26.3,38.99,1010.76
2025-03-03 21:00:00,25.65,37.17,1010.79
2025-03-03 22:00:00,25.94,43.39,1010.69
2025-03-03 23:00:00,24.67,41.7,1010.95
2025-03-04 00:00:00,24.65,46.94,1010.9
2025-03-04 01:00:00,23.87,46.99,1010.85
2025-03-04 02:00:00,22.82,52.06,1011.64
2025-03-04 03:00:00,22.25,52.53,1011.35
2025-03-04 04:00:00,21.32,56.02,1011.44
2025-03-04 05:00:00,20.54,57.85,1011.59
2025-03-04 06:00:00,20.32,59.26,1011.63
2025-03-04 07:00:00,19.75,59.77,1011.41
2025-03-04 08:00:00,20.15,59.06,1011.66
2025-03-04 09:00:00,19.74,62.59,1011.6
2025-03-04 10:00:00,20.69,56.51,1011.86
2025-03-04 11:00:00,20.51,56.56,1011.92
2025-03-04 12:00:00,21.34,54.51,1011.82
2025-03-04 13:00:00,22.05,52.79,1011.67
2025-03-04 14:00:00,23.51,48.71,1012.12
2025-03-04 15:00:00,23.94,47.46,1012.12
2025-03-04 16:00:00,24.47,44.17,1011.79
2025-03-04 17:00:00,25.34,39.56,1012.48
2025-03-04 18:00:00,24.91,40.83,1012.69
2025-03-04 19:00:00,25.93,37.84,1013.17
2025-03-04 20:00:00,26.75,36.35,1012.53
2025-03-04 21:00:00,25.99,40.06,1012.59
2025-03-04 22:00:00,25.67,41.69,1012.54
2025-03-04 23:00:00,25.36,43.35,1012.96
2025-03-05 00:00:00,24.86,45.5,1013.05
2025-03-05 01:00:00,23.13,43.41,1012.89
2025-03-05 02:00:00,22.46,47.02,1013.14
2025-03-05 03:00:00,22.35,55.61,1012.79
2025-03-05 04:00:00,21.3,52.59,1013.6
2025-03-05 05:00:00,21.39,57.64,1013.27
2025-03-05 06:00:00,20.35,56.9,1013.55
2025-03-05 07:00:00,19.48,59.27,1013.29
2025-03-05 08:00:00,19.61,58.33,1013.59
2025-03-05 09:00:00,19.2,60.14,1013.76
2025-03-05 10:00:00,20.38,58.38,1013.91
2025-03-05 11:00:00,20.87,55.74,1014.12
2025-03-05 12:00:00,21.41,52.58,1014.44
2025-03-05 13:00:00,22.66,52.54,1014.35
2025-03-05 14:00:00,23.48,47.29,1014.49
2025-03-05 15:00:00,23.78,47.65,1014.69
2025-03-05 16:00:00,23.81,49.2,1014.55
2025-03-05 17:00:00,25.4,44.83,1014.48
2025-03-05 18:00:00,25.86,42.1,1014.81
2025-03-05 19:00:00,26.07,39.65,1014.9
2025-03-05 20:00:00,26.41,35.98,1014.86
2025-03-05 21:00:00,25.56,37.43,1014.4
2025-03-05 22:00:00,26.37,43.12,1014.62
2025-03-05 23:00:00,24.85,40.97,1014.83
2025-03-06 00:00:00,24.83,43.21,1015.15
2025-03-06 01:00:00,23.25,46.58,1015.01
2025-03-06 02:00:00,22.74,47.55,1015.35
2025-03-06 03:00:00,22.82,49.85,1015.45
2025-03-06 04:00:00,21.48,54.37,1015.46
2025-03-06 05:00:00,21.24,54.93,1015.51
2025-03-06 06:00:00,20.56,56.79,1014.99
2025-03-06 07:00:00,20.14,57.72,1015.41
2025-03-06 08:00:00,20.55,60.4,1015.18
2025-03-06 09:00:00,20.09,58.7,1014.95
2025-03-06 10:00:00,19.85,57.8,1015.32
2025-03-06 11:00:00,20.67,57.61,1015.75
2025-03-06 12:00:00,21.77,54.21,1015.55
2025-03-06 13:00:00,22.44,51.55,1015.96
2025-03-06 14:00:00,22.53,50.31,1015.52
2025-03-06 15:00:00,23.6,48.08,1016.1
2025-03-06 16:00:00,24.37,44.2,1015.54
2025-03-06 17:00:00,25.07,42.53,1015.5
2025-03-06 18:00:00,25.2,39.39,1015.18
2025-03-06 19:00:00,25.76,38.25,1015.78
2025-03-06 20:00:00,25.83,40.84,1015.37
2025-03-06 21:00:00,26.25,40.6,1015.32
2025-03-06 22:00:00,25.96,41.62,1015.79
2025-03-06 23:00:00,25.15,42.89,1015.75
2025-03-07 00:00:00,24.45,44.54,1015.72
2025-03-07 01:00:00,23.91,48.12,1015.32
2025-03-07 02:00:00,22.8,51.14,1015.38
2025-03-07 03:00:00,21.91,53.69,1015.34
2025-03-07 04:00:00,21.26,54.28,1015.52
2025-03-07 05:00:00,20.74,59.02,1015.68
2025-03-07 06:00:00,20.08,58.53,1015.34
2025-03-07 07:00:00,20.25,60.25,1015.7
2025-03-07 08:00:00,20.34,59.96,1015.39
2025-03-07 09:00:00,19.64,59.56,1015.06
2025-03-07 10:00:00,20.5,56.79,1015.27
2025-03-07 11:00:00,20.89,57.79,1015.44
2025-03-07 12:00:00,21.71,59.58,1015.45
2025-03-07 13:00:00,22.31,51.37,1015.19
2025-03-07 14:00:00,22.58,49.58,1014.84
2025-03-07 15:00:00,23.43,46.06,1014.71
2025-03-07 16:00:00,24.61,43.57,1014.84
2025-03-07 17:00:00,25.58,45.16,1015.05
2025-03-07 18:00:00,24.92,39.58,1014.67
2025-03-07 19:00:00,26.12,38.94,1014.6
2025-03-07 20:00:00,26.51,36.59,1014.42
2025-03-07 21:00:00,25.94,38.43,1014.25
2025-03-07 22:00:00,25.89,37.72,1014.21
2025-03-07 23:00:00,24.98,43.52,1014.2
2025-03-08 00:00:00,24.56,49.49,1014.51
2025-03-08 01:00:00,23.31,46.2,1013.94
2025-03-08 02:00:00,22.28,46.45,1013.93
2025-03-08 03:00:00,22.66,53.66,1013.61
2025-03-08 04:00:00,21.26,53.14,1013.92
2025-03-08 05:00:00,20.82,58.86,1013.99
2025-03-08 06:00:00,20.02,57.6,1013.96
2025-03-08 07:00:00,19.71,57.97,1013.52
2025-03-08 08:00:00,20.05,59.13,1013.52
2025-03-08 09:00:00,19.95,60.47,1013.24
2025-03-08 10:00:00,20.64,57.7,1013.32
2025-03-08 11:00:00,21.15,55.62,1013.17
2025-03-08 12:00:00,21.72,54.09,1013.01
2025-03-08 13:00:00,22.42,49.74,1012.94
2025-03-08 14:00:00,23.66,50.16,1012.93
2025-03-08 15:00:00,23.51,43.64,1012.65
2025-03-08 16:00:00,24.59,43.64,1012.57
2025-03-08 17:00:00,25.63,43.74,1012.96
2025-03-08 18:00:00,26.15,41.33,1013.12
2025-03-08 19:00:00,25.51,40.85,1012.05
2025-03-08 20:00:00,26.01,39.33,1011.95
2025-03-08 21:00:00,26.49,41.89,1011.94
2025-03-08 22:00:00,25.89,42.45,1012.06
2025-03-08 23:00:00,25.31,43.17,1012.22
2025-03-09 00:00:00,24.54,46.11,1012.06
2025-03-09 01:00:00,23.76,48.2,1011.87
2025-03-09 02:00:00,23.22,48.65,1011.88
2025-03-09 03:00:00,22.25,49.61,1011.5
2025-03-09 04:00:00,21.61,55.2,1011.53
2025-03-09 05:00:00,21.03,57.49,1011.51
2025-03-09 06:00:00,20.29,60.06,1011.05
2025-03-09 07:00:00,20.41,57.41,1011.08
2025-03-09 08:00:00,21.14,57.81,1011.02
2025-03-09 09:00:00,19.6,59.93,1011.42
2025-03-09 10:00:00,20.64,57.97,1011.23
2025-03-09 11:00:00,20.74,53.11,1011.26
2025-03-09 12:00:00,21.83,55.11,1010.59
2025-03-09 13:00:00,22.37,48.69,1010.62
2025-03-09 14:00:00,23.39,47.74,1011.1
2025-03-09 15:00:00,24.32,49.28,1010.19
2025-03-09 16:00:00,24.7,47.72,1011.14
2025-03-09 17:00:00,25.65,40.18,1010.33
2025-03-09 18:00:00,24.91,40.18,1010.96
2025-03-09 19:00:00,26.58,39.85,1010.49
2025-03-09 20:00:00,26.26,42.64,1010.94
2025-03-09 21:00:00,26.41,38.89,1011.44
2025-03-09 22:00:00,25.3,39.92,1010.04
2025-03-09 23:00:00,24.96,45.15,1010.76
2025-03-10 00:00:00,24.68,43.76,1010.11
2025-03-10 01:00:00,23.91,48.14,1010.65
2025-03-10 02:00:00,23.23,46.77,1010.48
2025-03-10 03:00:00,22.74,51.71,1010.55
2025-03-10 04:00:00,21.02,51.44,1010.28
2025-03-10 05:00:00,21.36,54.6,1010.7
2025-03-10 06:00:00,20.54,59.6,1010.14
2025-03-10 07:00:00,20.17,59.0,1010.81
2025-03-10 08:00:00,19.62,58.86,1010.4
2025-03-10 09:00:00,20.42,57.74,1010.17
2025-03-10 10:00:00,19.7,57.69,1010.93
2025-03-10 11:00:00,21.25,57.04,1010.53
2025-03-10 12:00:00,21.12,56.2,1011.04
2025-03-10 13:00:00,22.39,47.29,1010.89
2025-03-10 14:00:00,23.1,47.93,1010.41
2025-03-10 15:00:00,24.33,47.13,1010.62
2025-03-10 16:00:00,24.58,44.25,1010.7
2025-03-10 17:00:00,25.02,43.08,1011.09
2025-03-10 18:00:00,25.57,41.25,1010.86
2025-03-10 19:00:00,26.49,39.22,1010.83
2025-03-10 20:00:00,26.34,38.48,1010.78
2025-03-10 21:00:00,25.91,39.32,1010.87
2025-03-10 22:00:00,25.66,42.83,1011.26
2025-03-10 23:00:00,24.72,41.04,1010.99
2025-03-11 00:00:00,24.79,44.31,1010.95
2025-03-11 01:00:00,23.31,47.17,1010.96
2025-03-11 02:00:00,23.42,52.23,1011.03
2025-03-11 03:00:00,22.42,51.47,1010.88
2025-03-11 04:00:00,22.49,56.15,1011.11
2025-03-11 05:00:00,20.65,58.71,1011.74
2025-03-11 06:00:00,20.52,57.97,1011.39
2025-03-11 07:00:00,20.89,58.7,1011.69
2025-03-11 08:00:00,20.57,58.83,1010.97
2025-03-11 09:00:00,20.02,58.62,1011.81
2025-03-11 10:00:00,20.64,59.62,1011.71
2025-03-11 11:00:00,21.04,56.91,1011.71
2025-03-11 12:00:00,21.76,54.84,1011.96
2025-03-11 13:00:00,22.14,49.98,1011.88
2025-03-11 14:00:00,23.13,47.68,1011.56
2025-03-11 15:00:00,23.38,50.69,1012.4
2025-03-11 16:00:00,24.71,44.1,1012.32
2025-03-11 17:00:00,25.44,40.95,1012.27
2025-03-11 18:00:00,25.68,43.33,1012.2
2025-03-11 19:00:00,25.5,40.27,1012.17
2025-03-11 20:00:00,26.51,40.46,1012.68
2025-03-11 21:00:00,26.19,39.51,1013.12
2025-03-11 22:00:00,25.51,40.18,1012.86
2025-03-11 23:00:00,25.19,42.04,1012.56
2025-03-12 00:00:00,24.14,41.93,1013.06
2025-03-12 01:00:00,23.59,46.67,1013.08
2025-03-12 02:00:00,22.98,49.95,1013.4
2025-03-12 03:00:00,22.82,55.33,1013.43
2025-03-12 04:00:00,21.45,54.57,1012.63
2025-03-12 05:00:00,21.27,52.28,1013.6
2025-03-12 06:00:00,20.38,57.91,1013.31
2025-03-12 07:00:00,20.36,64.0,1013.29
2025-03-12 08:00:00,20.12,60.97,1013.69
2025-03-12 09:00:00,20.58,57.61,1013.93
2025-03-12 10:00:00,20.39,59.14,1013.5
2025-03-12 11:00:00,20.5,55.15,1014.18
2025-03-12 12:00:00,21.19,51.98,1014.28
2025-03-12 13:00:00,22.21,51.37,1014.18
2025-03-12 14:00:00,22.74,49.58,1014.03
2025-03-12 15:00:00,24.1,43.45,1014.09
2025-03-12 16:00:00,24.52,42.34,1014.66
2025-03-12 17:00:00,26.13,42.36,1014.11
2025-03-12 18:00:00,25.17,40.02,1014.82
2025-03-12 19:00:00,26.15,40.46,1014.59
2025-03-12 20:00:00,25.79,37.22,1014.68
2025-03-12 21:00:00,25.91,41.04,1014.34
2025-03-12 22:00:00,25.83,38.62,1014.8
2025-03-12 23:00:00,24.49,45.29,1015.05
2025-03-13 00:00:00,24.77,41.32,1014.62
2025-03-13 01:00:00,24.63,44.85,1015.14
2025-03-13 02:00:00,23.03,50.16,1015.09
2025-03-13 03:00:00,22.5,54.99,1014.96
2025-03-13 04:00:00,22.05,54.97,1015.38
2025-03-13 05:00:00,21.01,57.49,1014.66
2025-03-13 06:00:00,20.39,58.1,1015.34
2025-03-13 07:00:00,19.49,57.22,1015.7
2025-03-13 08:00:00,20.41,58.52,1015.69
2025-03-13 09:00:00,20.25,56.88,1015.46
2025-03-13 10:00:00,20.24,55.76,1015.31
2025-03-13 11:00:00,21.11,57.2,1015.26
2025-03-13 12:00:00,21.49,52.38,1015.36
2025-03-13 13:00:00,22.23,52.57,1015.59
2025-03-13 14:00:00,23.41,47.06,1015.27
2025-03-13 15:00:00,23.5,47.35,1015.67
2025-03-13 16:00:00,25.06,43.52,1016.03
2025-03-13 17:00:00,24.83,44.86,1015.48
2025-03-13 18:00:00,25.56,41.32,1015.16
2025-03-13 19:00:00,26.77,41.97,1015.16
2025-03-13 20:00:00,26.59,38.04,1015.69
2025-03-13 21:00:00,26.13,39.84,1015.47
2025-03-13 22:00:00,25.47,38.97,1015.69
2025-03-13 23:00:00,25.14,41.58,1015.32
2025-03-14 00:00:00,24.73,43.93,1015.64
2025-03-14 01:00:00,23.99,45.5,1015.38
2025-03-14 02:00:00,23.17,47.21,1015.21
2025-03-14 03:00:00,22.42,49.44,1015.26
2025-03-14 04:00:00,21.63,50.19,1015.03
2025-03-14 05:00:00,20.58,54.57,1015.79
2025-03-14 06:00:00,20.43,59.19,1015.23
2025-03-14 07:00:00,20.63,56.18,1015.37
2025-03-14 08:00:00,19.73,56.93,1015.03
2025-03-14 09:00:00,20.24,62.28,1014.85
2025-03-14 10:00:00,20.32,56.91,1015.01
2025-03-14 11:00:00,21.13,57.04,1015.29
2025-03-14 12:00:00,21.57,55.55,1014.82
2025-03-14 13:00:00,22.95,53.18,1014.68
2025-03-14 14:00:00,23.39,46.65,1014.87
2025-03-14 15:00:00,23.53,46.39,1014.89
2025-03-14 16:00:00,24.95,41.48,1015.11
2025-03-14 17:00:00,25.06,46.73,1014.72
2025-03-14 18:00:00,25.61,37.86,1014.72
2025-03-14 19:00:00,26.22,37.85,1014.66
2025-03-14 20:00:00,26.04,37.52,1014.12
2025-03-14 21:00:00,26.43,37.04,1014.09
2025-03-14 22:00:00,25.54,43.17,1013.98
2025-03-14 23:00:00,25.12,46.68,1013.84
2025-03-15 00:00:00,24.49,43.54,1014.28
2025-03-15 01:00:00,23.8,44.43,1014.07
2025-03-15 02:00:00,23.6,45.36,1013.93
2025-03-15 03:00:00,22.66,51.54,1013.18
2025-03-15 04:00:00,22.32,53.82,1014.25
2025-03-15 05:00:00,21.89,55.29,1013.42
2025-03-15 06:00:00,20.26,58.45,1014.07
2025-03-15 07:00:00,20.35,59.76,1013.1
2025-03-15 08:00:00,19.81,59.97,1013.17
2025-03-15 09:00:00,20.05,58.48,1012.73
2025-03-15 10:00:00,20.41,56.07,1013.28
2025-03-15 11:00:00,20.73,57.66,1012.82
2025-03-15 12:00:00,21.36,54.41,1012.73
2025-03-15 13:00:00,22.4,53.57,1012.56
2025-03-15 14:00:00,22.8,50.81,1013.01
2025-03-15 15:00:00,24.3,44.24,1012.9
2025-03-15 16:00:00,24.41,41.8,1013.08
2025-03-15 17:00:00,26.33,40.95,1012.36
2025-03-15 18:00:00,25.67,38.82,1012.5
2025-03-15 19:00:00,26.15,41.08,1012.03
2025-03-15 20:00:00,25.78,40.02,1012.18
2025-03-15 21:00:00,26.73,41.7,1012.04
2025-03-15 22:00:00,26.22,41.44,1012.2
2025-03-15 23:00:00,25.46,42.69,1012.25
2025-03-16 00:00:00,24.26,46.54,1012.16
2025-03-16 01:00:00,24.08,47.64,1011.62
2025-03-16 02:00:00,22.84,49.5,1012.0
2025-03-16 03:00:00,22.97,54.64,1011.66
2025-03-16 04:00:00,22.02,54.59,1011.51
2025-03-16 05:00:00,21.15,55.9,1011.34
2025-03-16 06:00:00,19.79,56.53,1011.3
2025-03-16 07:00:00,20.0,60.31,1011.8
2025-03-16 08:00:00,20.48,61.61,1011.38
2025-03-16 09:00:00,20.77,58.95,1011.28
2025-03-16 10:00:00,21.03,60.39,1011.1
2025-03-16 11:00:00,20.56,52.9,1011.72
2025-03-16 12:00:00,21.85,54.28,1011.37
2025-03-16 13:00:00,22.82,51.89,1010.81
2025-03-16 14:00:00,22.66,48.07,1010.87
2025-03-16 15:00:00,24.02,51.08,1010.83
2025-03-16 16:00:00,24.84,44.26,1010.87
2025-03-16 17:00:00,25.26,41.57,1010.61
2025-03-16 18:00:00,25.2,40.76,1010.86
2025-03-16 19:00:00,26.03,36.11,1011.07
2025-03-16 20:00:00,26.13,38.01,1010.34
2025-03-16 21:00:00,26.09,41.49,1010.36
2025-03-16 22:00:00,25.65,39.58,1010.49
2025-03-16 23:00:00,25.22,40.81,1010.48
2025-03-17 00:00:00,24.74,46.73,1011.06
2025-03-17 01:00:00,24.18,49.2,1010.79
2025-03-17 02:00:00,23.15,50.3,1010.76
2025-03-17 03:00:00,22.33,51.14,1010.45
2025-03-17 04:00:00,21.79,53.94,1010.44
2025-03-17 05:00:00,20.46,55.0,1010.14
2025-03-17 06:00:00,20.82,56.24,1010.7
2025-03-17 07:00:00,20.36,57.15,1010.62
2025-03-17 08:00:00,20.27,58.26,1010.83
2025-03-17 09:00:00,20.7,57.17,1010.46
2025-03-17 10:00:00,19.98,55.22,1010.49
2025-03-17 11:00:00,20.45,56.84,1010.59
2025-03-17 12:00:00,21.85,54.79,1010.79
2025-03-17 13:00:00,22.48,55.02,1010.22
2025-03-17 14:00:00,23.32,48.17,1010.8
2025-03-17 15:00:00,23.88,47.31,1010.64
2025-03-17 16:00:00,24.99,44.93,1010.41
2025-03-17 17:00:00,25.71,41.84,1010.19
2025-03-17 18:00:00,26.03,42.05,1010.71
2025-03-17 19:00:00,26.07,41.1,1011.15
2025-03-17 20:00:00,25.53,39.96,1011.25
2025-03-17 21:00:00,26.43,39.25,1010.97
2025-03-17 22:00:00,26.29,40.06,1011.42
2025-03-17 23:00:00,25.61,39.83,1010.98
2025-03-18 00:00:00,24.46,42.92,1011.28
2025-03-18 01:00:00,24.28,45.66,1010.99
2025-03-18 02:00:00,23.57,47.34,1011.04
2025-03-18 03:00:00,23.04,52.75,1011.06
2025-03-18 04:00:00,21.46,56.52,1010.78
2025-03-18 05:00:00,21.07,54.8,1011.69
2025-03-18 06:00:00,20.93,58.53,1011.28
2025-03-18 07:00:00,20.39,57.16,1011.32
2025-03-18 08:00:00,19.88,58.81,1011.3
2025-03-18 09:00:00,20.52,57.78,1011.62
2025-03-18 10:00:00,20.88,59.11,1012.19
2025-03-18 11:00:00,21.18,55.21,1012.36
2025-03-18 12:00:00,21.85,56.18,1011.5
2025-03-18 13:00:00,22.41,51.51,1011.91
2025-03-18 14:00:00,23.79,48.19,1011.83
2025-03-18 15:00:00,23.74,44.52,1012.42
2025-03-18 16:00:00,24.57,44.82,1012.33
2025-03-18 17:00:00,25.4,43.9,1012.19
2025-03-18 18:00:00,26.19,41.19,1012.46
2025-03-18 19:00:00,25.65,43.73,1012.42
2025-03-18 20:00:00,25.82,41.93,1013.03
2025-03-18 21:00:00,25.47,39.15,1012.86
2025-03-18 22:00:00,25.89,40.13,1012.98
2025-03-18 23:00:00,25.01,43.13,1012.24
2025-03-19 00:00:00,24.65,42.85,1012.98
2025-03-19 01:00:00,24.29,48.87,1013.61
2025-03-19 02:00:00,23.06,50.01,1013.52
2025-03-19 03:00:00,22.59,52.41,1012.82
2025-03-19 04:00:00,21.68,55.59,1013.29
2025-03-19 05:00:00,21.4,59.53,1013.16
2025-03-19 06:00:00,20.86,58.32,1013.98
2025-03-19 07:00:00,20.15,58.81,1013.71
2025-03-19 08:00:00,20.23,62.07,1013.54
2025-03-19 09:00:00,20.76,60.76,1013.83
2025-03-19 10:00:00,20.83,57.44,1013.26
2025-03-19 11:00:00,20.68,56.43,1013.73
2025-03-19 12:00:00,22.02,54.71,1014.09
2025-03-19 13:00:00,22.14,52.59,1014.38
2025-03-19 14:00:00,23.79,46.91,1013.76
2025-03-19 15:00:00,24.43,43.99,1014.23
2025-03-19 16:00:00,24.9,42.76,1014.66
2025-03-19 17:00:00,25.47,40.54,1014.12
2025-03-19 18:00:00,25.82,39.53,1014.62
2025-03-19 19:00:00,26.43,40.83,1014.65
2025-03-19 20:00:00,26.17,39.05,1015.13
2025-03-19 21:00:00,26.28,40.04,1014.71
2025-03-19 22:00:00,26.2,38.49,1014.79
2025-03-19 23:00:00,25.22,41.45,1015.11
2025-03-20 00:00:00,24.58,45.41,1014.62
2025-03-20 01:00:00,23.66,47.83,1014.96
2025-03-20 02:00:00,22.93,48.04,1014.95
2025-03-20 03:00:00,21.89,52.23,1015.08
2025-03-20 04:00:00,22.06,58.31,1015.38
2025-03-20 05:00:00,21.82,56.39,1015.35
2025-03-20 06:00:00,21.21,56.76,1015.07
2025-03-20 07:00:00,19.84,58.69,1015.33
2025-03-20 08:00:00,20.56,59.51,1015.7
2025-03-20 09:00:00,20.91,58.73,1015.15
2025-03-20 10:00:00,20.55,57.95,1015.43
2025-03-20 11:00:00,21.22,53.82,1015.37
2025-03-20 12:00:00,21.11,52.61,1015.42
2025-03-20 13:00:00,22.63,51.66,1015.05
2025-03-20 14:00:00,22.94,49.05,1015.82
2025-03-20 15:00:00,24.16,45.74,1015.29
2025-03-20 16:00:00,24.27,44.03,1015.75
2025-03-20 17:00:00,25.62,42.38,1015.34
2025-03-20 18:00:00,26.27,42.28,1015.34
2025-03-20 19:00:00,25.94,39.51,1015.8
2025-03-20 20:00:00,25.92,40.06,1015.74
2025-03-20 21:00:00,25.46,38.71,1015.54
2025-03-20 22:00:00,25.82,41.71,1015.66
2025-03-20 23:00:00,25.23,42.95,1015.38
2025-03-21 00:00:00,24.27,45.9,1015.44
2025-03-21 01:00:00,24.25,48.04,1015.25
2025-03-21 02:00:00,23.16,50.4,1015.61
2025-03-21 03:00:00,22.17,51.75,1015.19
2025-03-21 04:00:00,21.63,54.78,1015.7
2025-03-21 05:00:00,21.57,58.33,1015.21
2025-03-21 06:00:00,20.93,56.83,1015.26
2025-03-21 07:00:00,20.38,57.87,1015.4
2025-03-21 08:00:00,20.54,59.67,1015.17
2025-03-21 09:00:00,20.02,59.74,1015.04
2025-03-21 10:00:00,20.74,56.51,1015.06
2025-03-21 11:00:00,21.26,56.27,1015.23
2025-03-21 12:00:00,21.66,54.17,1014.79
2025-03-21 13:00:00,22.7,47.94,1014.86
2025-03-21 14:00:00,23.05,48.94,1014.84
2025-03-21 15:00:00,24.28,46.46,1014.98
2025-03-21 16:00:00,25.02,44.05,1014.68
2025-03-21 17:00:00,24.43,44.81,1015.08
2025-03-21 18:00:00,26.34,38.49,1014.52
2025-03-21 19:00:00,25.16,38.19,1014.43
2025-03-21 20:00:00,26.12,34.63,1014.37
2025-03-21 21:00:00,26.59,38.81,1014.0
2025-03-21 22:00:00,25.82,39.96,1013.99
2025-03-21 23:00:00,24.94,41.34,1014.04
2025-03-22 00:00:00,24.45,46.33,1014.37
2025-03-22 01:00:00,24.47,48.29,1013.99
2025-03-22 02:00:00,22.66,49.47,1013.79
2025-03-22 03:00:00,22.95,51.25,1014.13
2025-03-22 04:00:00,21.82,56.18,1014.12
2025-03-22 05:00:00,20.8,56.37,1013.96
2025-03-22 06:00:00,20.54,56.52,1013.34
2025-03-22 07:00:00,20.09,55.9,1013.34
2025-03-22 08:00:00,20.64,58.54,1013.83
2025-03-22 09:00:00,20.7,60.35,1013.34
2025-03-22 10:00:00,20.14,62.09,1013.12
2025-03-22 11:00:00,21.08,56.51,1013.27
2025-03-22 12:00:00,21.54,52.95,1013.25
2025-03-22 13:00:00,23.02,49.78,1012.76
2025-03-22 14:00:00,22.87,50.32,1012.87
2025-03-22 15:00:00,24.68,43.56,1012.95
2025-03-22 16:00:00,24.83,45.32,1012.34
2025-03-22 17:00:00,25.06,43.73,1012.54
2025-03-22 18:00:00,25.71,41.45,1012.17
2025-03-22 19:00:00,25.96,39.27,1012.11
2025-03-22 20:00:00,25.9,40.34,1012.12
2025-03-22 21:00:00,26.28,39.97,1012.29
2025-03-22 22:00:00,25.52,39.26,1012.01
2025-03-22 23:00:00,24.71,45.58,1011.84
2025-03-23 00:00:00,24.72,43.69,1011.93
2025-03-23 01:00:00,23.5,48.13,1011.55
2025-03-23 02:00:00,23.09,44.97,1011.86
2025-03-23 03:00:00,22.26,54.21,1011.95
2025-03-23 04:00:00,21.55,56.97,1011.57
2025-03-23 05:00:00,21.93,56.45,1011.46
2025-03-23 06:00:00,20.78,58.99,1011.53
2025-03-23 07:00:00,20.54,59.99,1010.86
2025-03-23 08:00:00,19.73,58.16,1011.43
2025-03-23 09:00:00,20.23,59.97,1012.01
2025-03-23 10:00:00,20.83,56.53,1011.14
2025-03-23 11:00:00,20.88,55.3,1011.08
2025-03-23 12:00:00,22.18,56.35,1011.23
2025-03-23 13:00:00,22.16,53.66,1011.4
2025-03-23 14:00:00,23.26,48.05,1011.18
2025-03-23 15:00:00,23.93,45.41,1010.34
2025-03-23 16:00:00,24.92,43.16,1010.98
2025-03-23 17:00:00,25.26,43.57,1011.43
2025-03-23 18:00:00,25.87,38.86,1010.9
2025-03-23 19:00:00,26.18,40.3,1010.42
2025-03-23 20:00:00,26.11,40.66,1010.74
2025-03-23 21:00:00,26.43,39.5,1010.32
2025-03-23 22:00:00,26.05,42.47,1010.92
2025-03-23 23:00:00,25.46,41.7,1010.35
2025-03-24 00:00:00,24.72,43.93,1010.58
2025-03-24 01:00:00,24.42,44.97,1010.33
2025-03-24 02:00:00,23.29,51.15,1010.39
2025-03-24 03:00:00,22.49,50.52,1010.89
2025-03-24 04:00:00,21.91,54.94,1010.53
2025-03-24 05:00:00,21.84,56.26,1010.36
2025-03-24 06:00:00,20.3,56.08,1010.21
2025-03-24 07:00:00,20.74,57.88,1010.03
2025-03-24 08:00:00,19.71,61.8,1010.19
2025-03-24 09:00:00,20.55,59.34,1010.54
2025-03-24 10:00:00,21.33,56.16,1010.77
2025-03-24 11:00:00,21.42,56.93,1010.4
2025-03-24 12:00:00,21.94,54.05,1010.96
2025-03-24 13:00:00,22.4,58.12,1010.41
2025-03-24 14:00:00,23.39,49.82,1010.55
2025-03-24 15:00:00,24.07,46.04,1010.37
2025-03-24 16:00:00,24.6,46.87,1010.92
2025-03-24 17:00:00,25.4,38.93,1011.23
2025-03-24 18:00:00,26.05,40.82,1010.31
2025-03-24 19:00:00,26.01,43.24,1010.7
2025-03-24 20:00:00,26.1,39.1,1011.15
2025-03-24 21:00:00,25.8,36.53,1010.52
2025-03-24 22:00:00,26.12,39.94,1011.08
2025-03-24 23:00:00,25.7,44.86,1011.29
2025-03-25 00:00:00,24.97,44.98,1011.06
2025-03-25 01:00:00,24.5,45.21,1011.24
2025-03-25 02:00:00,23.42,48.07,1011.61
2025-03-25 03:00:00,22.75,50.89,1011.72
2025-03-25 04:00:00,21.99,54.96,1011.28
2025-03-25 05:00:00,21.23,58.79,1011.24
2025-03-25 06:00:00,20.6,59.86,1011.21
2025-03-25 07:00:00,21.27,59.79,1011.76
2025-03-25 08:00:00,20.23,56.91,1011.25
2025-03-25 09:00:00,20.26,56.57,1011.61
2025-03-25 10:00:00,20.94,58.92,1011.78
2025-03-25 11:00:00,21.36,53.95,1011.71
2025-03-25 12:00:00,21.4,53.9,1011.99
2025-03-25 13:00:00,23.01,52.44,1012.64
2025-03-25 14:00:00,23.36,47.26,1012.06
2025-03-25 15:00:00,23.78,44.87,1012.07
2025-03-25 16:00:00,25.31,44.13,1012.52
2025-03-25 17:00:00,25.74,43.14,1012.41
2025-03-25 18:00:00,25.55,42.55,1012.8
2025-03-25 19:00:00,26.92,40.73,1012.58
2025-03-25 20:00:00,26.63,39.43,1012.57
2025-03-25 21:00:00,26.29,38.3,1012.27
2025-03-25 22:00:00,26.55,38.71,1012.41
2025-03-25 23:00:00,25.58,41.31,1012.45
2025-03-26 00:00:00,24.89,45.04,1013.09
2025-03-26 01:00:00,23.95,47.32,1012.75
2025-03-26 02:00:00,23.61,45.52,1013.5
2025-03-26 03:00:00,22.79,50.47,1013.29
2025-03-26 04:00:00,21.91,56.47,1013.31
2025-03-26 05:00:00,21.01,56.51,1013.25
2025-03-26 06:00:00,20.85,55.41,1013.71
2025-03-26 07:00:00,20.48,63.2,1013.45
2025-03-26 08:00:00,19.94,59.24,1013.49
2025-03-26 09:00:00,19.99,59.65,1014.12
2025-03-26 10:00:00,21.01,58.68,1014.0
2025-03-26 11:00:00,20.38,55.71,1013.94
2025-03-26 12:00:00,21.98,52.99,1014.25
2025-03-26 13:00:00,22.47,55.7,1014.17
2025-03-26 14:00:00,23.87,51.1,1014.35
2025-03-26 15:00:00,24.01,48.19,1014.13
2025-03-26 16:00:00,25.14,45.33,1014.93
2025-03-26 17:00:00,25.39,40.42,1014.34
2025-03-26 18:00:00,26.05,42.93,1014.95
2025-03-26 19:00:00,26.57,38.12,1014.58
2025-03-26 20:00:00,26.25,39.8,1014.9
2025-03-26 21:00:00,26.66,36.68,1014.95
2025-03-26 22:00:00,25.67,36.96,1015.12
2025-03-26 23:00:00,25.64,42.79,1014.68
2025-03-27 00:00:00,25.24,42.83,1015.22
2025-03-27 01:00:00,24.43,43.12,1015.47
2025-03-27 02:00:00,24.09,50.26,1015.0
2025-03-27 03:00:00,22.38,55.69,1015.13
2025-03-27 04:00:00,21.44,56.79,1015.03
2025-03-27 05:00:00,20.95,55.9,1015.12
2025-03-27 06:00:00,21.05,57.97,1015.68
2025-03-27 07:00:00,20.7,60.55,1015.04
2025-03-27 08:00:00,20.46,61.31,1015.09
2025-03-27 09:00:00,20.13,58.33,1015.76
2025-03-27 10:00:00,21.09,58.01,1015.55
2025-03-27 11:00:00,20.87,56.9,1015.94
2025-03-27 12:00:00,22.33,55.28,1015.32
2025-03-27 13:00:00,23.65,51.64,1015.49
2025-03-27 14:00:00,23.56,49.07,1015.31
2025-03-27 15:00:00,24.41,49.18,1015.52
2025-03-27 16:00:00,24.76,46.46,1015.05
2025-03-27 17:00:00,24.92,43.07,1015.67
2025-03-27 18:00:00,25.82,43.72,1015.58
2025-03-27 19:00:00,25.95,38.93,1015.48
2025-03-27 20:00:00,25.92,42.21,1015.4
2025-03-27 21:00:00,26.93,40.6,1015.26
2025-03-27 22:00:00,26.13,46.51,1015.65
2025-03-27 23:00:00,25.69,40.07,1015.16
2025-03-28 00:00:00,24.83,43.04,1015.57
2025-03-28 01:00:00,24.15,47.45,1015.93
2025-03-28 02:00:00,23.77,50.0,1015.76
2025-03-28 03:00:00,22.65,55.38,1014.98
2025-03-28 04:00:00,22.12,53.08,1015.19
2025-03-28 05:00:00,21.25,57.98,1015.4
2025-03-28 06:00:00,20.72,60.03,1015.23
2025-03-28 07:00:00,20.05,60.21,1014.86
2025-03-28 08:00:00,19.75,57.55,1015.26
2025-03-28 09:00:00,20.45,61.47,1015.11
2025-03-28 10:00:00,20.86,60.15,1015.54
2025-03-28 11:00:00,20.87,57.43,1014.95
2025-03-28 12:00:00,21.93,54.65,1015.25
2025-03-28 13:00:00,22.69,52.27,1014.58
2025-03-28 14:00:00,22.69,49.14,1014.58
2025-03-28 15:00:00,23.9,47.84,1014.95
2025-03-28 16:00:00,25.09,44.33,1014.97
2025-03-28 17:00:00,25.7,40.68,1014.39
2025-03-28 18:00:00,25.64,38.73,1014.56
2025-03-28 19:00:00,26.4,38.26,1014.14
2025-03-28 20:00:00,26.81,39.68,1014.36
2025-03-28 21:00:00,26.62,39.57,1014.54
2025-03-28 22:00:00,26.01,41.0,1014.14
2025-03-28 23:00:00,25.41,43.11,1014.11
2025-03-29 00:00:00,24.73,43.15,1013.8
2025-03-29 01:00:00,24.39,49.32,1013.84
2025-03-29 02:00:00,23.52,48.79,1014.35
2025-03-29 03:00:00,22.9,51.08,1013.84
2025-03-29 04:00:00,22.0,55.14,1013.49
2025-03-29 05:00:00,21.62,53.04,1013.57
2025-03-29 06:00:00,20.89,56.51,1013.16
2025-03-29 07:00:00,20.83,60.7,1013.21
2025-03-29 08:00:00,20.76,56.14,1013.71
2025-03-29 09:00:00,20.28,60.94,1013.24
2025-03-29 10:00:00,20.23,60.65,1013.66
2025-03-29 11:00:00,21.88,55.68,1013.07
2025-03-29 12:00:00,22.05,54.8,1012.99
2025-03-29 13:00:00,22.08,53.87,1013.07
2025-03-29 14:00:00,23.21,48.43,1012.15
2025-03-29 15:00:00,24.51,48.24,1012.77
2025-03-29 16:00:00,24.86,43.06,1012.62
2025-03-29 17:00:00,25.4,41.34,1012.91
2025-03-29 18:00:00,26.55,39.17,1012.68
2025-03-29 19:00:00,26.0,40.23,1012.07
2025-03-29 20:00:00,26.19,41.35,1012.57
2025-03-29 21:00:00,26.44,39.28,1012.11
2025-03-29 22:00:00,26.2,38.32,1011.86
2025-03-29 23:00:00,25.76,40.25,1012.05
2025-03-30 00:00:00,25.29,44.98,1011.86
2025-03-30 01:00:00,24.31,50.0,1012.22
2025-03-30 02:00:00,23.64,49.97,1011.84
2025-03-30 03:00:00,22.6,51.16,1011.72
2025-03-30 04:00:00,21.99,55.64,1011.82
2025-03-30 05:00:00,21.39,55.9,1011.79
2025-03-30 06:00:00,20.95,57.24,1011.64
2025-03-30 07:00:00,20.84,57.2,1011.72
2025-03-30 08:00:00,20.67,61.8,1011.45
2025-03-30 09:00:00,20.59,54.35,1011.27
2025-03-30 10:00:00,20.59,59.36,1011.48
2025-03-30 11:00:00,21.38,55.5,1011.08
2025-03-30 12:00:00,21.97,53.52,1011.05
2025-03-30 13:00:00,22.77,54.9,1011.42
2025-03-30 14:00:00,24.25,47.98,1011.34
2025-03-30 15:00:00,24.07,45.45,1010.88
2025-03-30 16:00:00,25.13,44.03,1010.72
2025-03-30 17:00:00,25.97,42.93,1011.16
2025-03-30 18:00:00,26.11,39.8,1010.95
2025-03-30 19:00:00,27.2,36.77,1010.79
2025-03-30 20:00:00,26.35,37.7,1010.59
2025-03-30 21:00:00,26.49,41.91,1010.72
2025-03-30 22:00:00,25.8,40.73,1010.61
2025-03-30 23:00:00,25.48,43.0,1010.42
2025-03-31 00:00:00,25.07,43.79,1010.59
2025-03-31 01:00:00,24.56,45.48,1010.61
2025-03-31 02:00:00,23.6,52.28,1010.43
2025-03-31 03:00:00,23.15,51.51,1010.74
2025-03-31 04:00:00,21.95,53.46,1010.83
2025-03-31 05:00:00,21.25,58.3,1010.74
2025-03-31 06:00:00,21.84,56.62,1010.43
2025-03-31 07:00:00,20.73,57.84,1010.69
2025-03-31 08:00:00,20.24,59.27,1010.53
2025-03-31 09:00:00,20.35,58.91,1010.21
2025-03-31 10:00:00,20.56,58.38,1010.7
2025-03-31 11:00:00,21.7,60.09,1010.58
2025-03-31 12:00:00,21.86,54.86,1011.21
2025-03-31 13:00:00,22.76,47.56,1010.95
2025-03-31 14:00:00,23.47,49.84,1010.79
2025-03-31 15:00:00,24.53,46.73,1010.7
2025-03-31 16:00:00,24.7,44.33,1010.71
2025-03-31 17:00:00,25.24,42.62,1010.46
2025-03-31 18:00:00,26.17,40.54,1010.31
2025-03-31 19:00:00,26.61,39.5,1010.57
2025-03-31 20:00:00,26.61,40.35,1010.82
2025-03-31 21:00:00,26.11,38.62,1010.36
2025-03-31 22:00:00,26.33,38.88,1010.8
2025-03-31 23:00:00,25.36,47.62,1010.93
